[
    {
        "model": "auth.permission",
        "pk": 1,
        "fields": {
            "name": "Can add log entry",
            "content_type": 1,
            "codename": "add_logentry"
        }
    },
    {
        "model": "auth.permission",
        "pk": 2,
        "fields": {
            "name": "Can change log entry",
            "content_type": 1,
            "codename": "change_logentry"
        }
    },
    {
        "model": "auth.permission",
        "pk": 3,
        "fields": {
            "name": "Can delete log entry",
            "content_type": 1,
            "codename": "delete_logentry"
        }
    },
    {
        "model": "auth.permission",
        "pk": 4,
        "fields": {
            "name": "Can view log entry",
            "content_type": 1,
            "codename": "view_logentry"
        }
    },
    {
        "model": "auth.permission",
        "pk": 5,
        "fields": {
            "name": "Can add permission",
            "content_type": 2,
            "codename": "add_permission"
        }
    },
    {
        "model": "auth.permission",
        "pk": 6,
        "fields": {
            "name": "Can change permission",
            "content_type": 2,
            "codename": "change_permission"
        }
    },
    {
        "model": "auth.permission",
        "pk": 7,
        "fields": {
            "name": "Can delete permission",
            "content_type": 2,
            "codename": "delete_permission"
        }
    },
    {
        "model": "auth.permission",
        "pk": 8,
        "fields": {
            "name": "Can view permission",
            "content_type": 2,
            "codename": "view_permission"
        }
    },
    {
        "model": "auth.permission",
        "pk": 9,
        "fields": {
            "name": "Can add group",
            "content_type": 3,
            "codename": "add_group"
        }
    },
    {
        "model": "auth.permission",
        "pk": 10,
        "fields": {
            "name": "Can change group",
            "content_type": 3,
            "codename": "change_group"
        }
    },
    {
        "model": "auth.permission",
        "pk": 11,
        "fields": {
            "name": "Can delete group",
            "content_type": 3,
            "codename": "delete_group"
        }
    },
    {
        "model": "auth.permission",
        "pk": 12,
        "fields": {
            "name": "Can view group",
            "content_type": 3,
            "codename": "view_group"
        }
    },
    {
        "model": "auth.permission",
        "pk": 13,
        "fields": {
            "name": "Can add content type",
            "content_type": 4,
            "codename": "add_contenttype"
        }
    },
    {
        "model": "auth.permission",
        "pk": 14,
        "fields": {
            "name": "Can change content type",
            "content_type": 4,
            "codename": "change_contenttype"
        }
    },
    {
        "model": "auth.permission",
        "pk": 15,
        "fields": {
            "name": "Can delete content type",
            "content_type": 4,
            "codename": "delete_contenttype"
        }
    },
    {
        "model": "auth.permission",
        "pk": 16,
        "fields": {
            "name": "Can view content type",
            "content_type": 4,
            "codename": "view_contenttype"
        }
    },
    {
        "model": "auth.permission",
        "pk": 17,
        "fields": {
            "name": "Can add session",
            "content_type": 5,
            "codename": "add_session"
        }
    },
    {
        "model": "auth.permission",
        "pk": 18,
        "fields": {
            "name": "Can change session",
            "content_type": 5,
            "codename": "change_session"
        }
    },
    {
        "model": "auth.permission",
        "pk": 19,
        "fields": {
            "name": "Can delete session",
            "content_type": 5,
            "codename": "delete_session"
        }
    },
    {
        "model": "auth.permission",
        "pk": 20,
        "fields": {
            "name": "Can view session",
            "content_type": 5,
            "codename": "view_session"
        }
    },
    {
        "model": "auth.permission",
        "pk": 21,
        "fields": {
            "name": "Can add makanan",
            "content_type": 6,
            "codename": "add_makanan"
        }
    },
    {
        "model": "auth.permission",
        "pk": 22,
        "fields": {
            "name": "Can change makanan",
            "content_type": 6,
            "codename": "change_makanan"
        }
    },
    {
        "model": "auth.permission",
        "pk": 23,
        "fields": {
            "name": "Can delete makanan",
            "content_type": 6,
            "codename": "delete_makanan"
        }
    },
    {
        "model": "auth.permission",
        "pk": 24,
        "fields": {
            "name": "Can view makanan",
            "content_type": 6,
            "codename": "view_makanan"
        }
    },
    {
        "model": "auth.permission",
        "pk": 25,
        "fields": {
            "name": "Can add kategori",
            "content_type": 7,
            "codename": "add_kategori"
        }
    },
    {
        "model": "auth.permission",
        "pk": 26,
        "fields": {
            "name": "Can change kategori",
            "content_type": 7,
            "codename": "change_kategori"
        }
    },
    {
        "model": "auth.permission",
        "pk": 27,
        "fields": {
            "name": "Can delete kategori",
            "content_type": 7,
            "codename": "delete_kategori"
        }
    },
    {
        "model": "auth.permission",
        "pk": 28,
        "fields": {
            "name": "Can view kategori",
            "content_type": 7,
            "codename": "view_kategori"
        }
    },
    {
        "model": "auth.permission",
        "pk": 29,
        "fields": {
            "name": "Can add minuman",
            "content_type": 8,
            "codename": "add_minuman"
        }
    },
    {
        "model": "auth.permission",
        "pk": 30,
        "fields": {
            "name": "Can change minuman",
            "content_type": 8,
            "codename": "change_minuman"
        }
    },
    {
        "model": "auth.permission",
        "pk": 31,
        "fields": {
            "name": "Can delete minuman",
            "content_type": 8,
            "codename": "delete_minuman"
        }
    },
    {
        "model": "auth.permission",
        "pk": 32,
        "fields": {
            "name": "Can view minuman",
            "content_type": 8,
            "codename": "view_minuman"
        }
    },
    {
        "model": "auth.permission",
        "pk": 33,
        "fields": {
            "name": "Can add restoran",
            "content_type": 9,
            "codename": "add_restoran"
        }
    },
    {
        "model": "auth.permission",
        "pk": 34,
        "fields": {
            "name": "Can change restoran",
            "content_type": 9,
            "codename": "change_restoran"
        }
    },
    {
        "model": "auth.permission",
        "pk": 35,
        "fields": {
            "name": "Can delete restoran",
            "content_type": 9,
            "codename": "delete_restoran"
        }
    },
    {
        "model": "auth.permission",
        "pk": 36,
        "fields": {
            "name": "Can view restoran",
            "content_type": 9,
            "codename": "view_restoran"
        }
    },
    {
        "model": "auth.permission",
        "pk": 37,
        "fields": {
            "name": "Can add ulasan",
            "content_type": 10,
            "codename": "add_ulasan"
        }
    },
    {
        "model": "auth.permission",
        "pk": 38,
        "fields": {
            "name": "Can change ulasan",
            "content_type": 10,
            "codename": "change_ulasan"
        }
    },
    {
        "model": "auth.permission",
        "pk": 39,
        "fields": {
            "name": "Can delete ulasan",
            "content_type": 10,
            "codename": "delete_ulasan"
        }
    },
    {
        "model": "auth.permission",
        "pk": 40,
        "fields": {
            "name": "Can view ulasan",
            "content_type": 10,
            "codename": "view_ulasan"
        }
    },
    {
        "model": "auth.permission",
        "pk": 41,
        "fields": {
            "name": "Can add forum",
            "content_type": 11,
            "codename": "add_forum"
        }
    },
    {
        "model": "auth.permission",
        "pk": 42,
        "fields": {
            "name": "Can change forum",
            "content_type": 11,
            "codename": "change_forum"
        }
    },
    {
        "model": "auth.permission",
        "pk": 43,
        "fields": {
            "name": "Can delete forum",
            "content_type": 11,
            "codename": "delete_forum"
        }
    },
    {
        "model": "auth.permission",
        "pk": 44,
        "fields": {
            "name": "Can view forum",
            "content_type": 11,
            "codename": "view_forum"
        }
    },
    {
        "model": "auth.permission",
        "pk": 45,
        "fields": {
            "name": "Can add balasan",
            "content_type": 12,
            "codename": "add_balasan"
        }
    },
    {
        "model": "auth.permission",
        "pk": 46,
        "fields": {
            "name": "Can change balasan",
            "content_type": 12,
            "codename": "change_balasan"
        }
    },
    {
        "model": "auth.permission",
        "pk": 47,
        "fields": {
            "name": "Can delete balasan",
            "content_type": 12,
            "codename": "delete_balasan"
        }
    },
    {
        "model": "auth.permission",
        "pk": 48,
        "fields": {
            "name": "Can view balasan",
            "content_type": 12,
            "codename": "view_balasan"
        }
    },
    {
        "model": "auth.permission",
        "pk": 49,
        "fields": {
            "name": "Can add vote",
            "content_type": 13,
            "codename": "add_vote"
        }
    },
    {
        "model": "auth.permission",
        "pk": 50,
        "fields": {
            "name": "Can change vote",
            "content_type": 13,
            "codename": "change_vote"
        }
    },
    {
        "model": "auth.permission",
        "pk": 51,
        "fields": {
            "name": "Can delete vote",
            "content_type": 13,
            "codename": "delete_vote"
        }
    },
    {
        "model": "auth.permission",
        "pk": 52,
        "fields": {
            "name": "Can view vote",
            "content_type": 13,
            "codename": "view_vote"
        }
    },
    {
        "model": "auth.permission",
        "pk": 53,
        "fields": {
            "name": "Can add favorit",
            "content_type": 14,
            "codename": "add_favorit"
        }
    },
    {
        "model": "auth.permission",
        "pk": 54,
        "fields": {
            "name": "Can change favorit",
            "content_type": 14,
            "codename": "change_favorit"
        }
    },
    {
        "model": "auth.permission",
        "pk": 55,
        "fields": {
            "name": "Can delete favorit",
            "content_type": 14,
            "codename": "delete_favorit"
        }
    },
    {
        "model": "auth.permission",
        "pk": 56,
        "fields": {
            "name": "Can view favorit",
            "content_type": 14,
            "codename": "view_favorit"
        }
    },
    {
        "model": "auth.permission",
        "pk": 57,
        "fields": {
            "name": "Can add user",
            "content_type": 15,
            "codename": "add_user"
        }
    },
    {
        "model": "auth.permission",
        "pk": 58,
        "fields": {
            "name": "Can change user",
            "content_type": 15,
            "codename": "change_user"
        }
    },
    {
        "model": "auth.permission",
        "pk": 59,
        "fields": {
            "name": "Can delete user",
            "content_type": 15,
            "codename": "delete_user"
        }
    },
    {
        "model": "auth.permission",
        "pk": 60,
        "fields": {
            "name": "Can view user",
            "content_type": 15,
            "codename": "view_user"
        }
    },
    {
        "model": "contenttypes.contenttype",
        "pk": 1,
        "fields": {
            "app_label": "admin",
            "model": "logentry"
        }
    },
    {
        "model": "contenttypes.contenttype",
        "pk": 2,
        "fields": {
            "app_label": "auth",
            "model": "permission"
        }
    },
    {
        "model": "contenttypes.contenttype",
        "pk": 3,
        "fields": {
            "app_label": "auth",
            "model": "group"
        }
    },
    {
        "model": "contenttypes.contenttype",
        "pk": 4,
        "fields": {
            "app_label": "contenttypes",
            "model": "contenttype"
        }
    },
    {
        "model": "contenttypes.contenttype",
        "pk": 5,
        "fields": {
            "app_label": "sessions",
            "model": "session"
        }
    },
    {
        "model": "contenttypes.contenttype",
        "pk": 6,
        "fields": {
            "app_label": "makanan",
            "model": "makanan"
        }
    },
    {
        "model": "contenttypes.contenttype",
        "pk": 7,
        "fields": {
            "app_label": "makanan",
            "model": "kategori"
        }
    },
    {
        "model": "contenttypes.contenttype",
        "pk": 8,
        "fields": {
            "app_label": "minuman",
            "model": "minuman"
        }
    },
    {
        "model": "contenttypes.contenttype",
        "pk": 9,
        "fields": {
            "app_label": "restoran",
            "model": "restoran"
        }
    },
    {
        "model": "contenttypes.contenttype",
        "pk": 10,
        "fields": {
            "app_label": "ulasan",
            "model": "ulasan"
        }
    },
    {
        "model": "contenttypes.contenttype",
        "pk": 11,
        "fields": {
            "app_label": "forum",
            "model": "forum"
        }
    },
    {
        "model": "contenttypes.contenttype",
        "pk": 12,
        "fields": {
            "app_label": "forum",
            "model": "balasan"
        }
    },
    {
        "model": "contenttypes.contenttype",
        "pk": 13,
        "fields": {
            "app_label": "forum",
            "model": "vote"
        }
    },
    {
        "model": "contenttypes.contenttype",
        "pk": 14,
        "fields": {
            "app_label": "favorit",
            "model": "favorit"
        }
    },
    {
        "model": "contenttypes.contenttype",
        "pk": 15,
        "fields": {
            "app_label": "authentication",
            "model": "user"
        }
    },
    {
        "model": "sessions.session",
        "pk": "mo975mhj0j2b91ui945pmzy3b2rt8310",
        "fields": {
            "session_data": ".eJxVjDEOwjAMAP-SGUVxSN3AyM4bIjs2pIBSqWknxN9RpA6w3p3ubRJta0lb0yVNYs4GwBx-IVN-au1GHlTvs81zXZeJbU_sbpu9zqKvy97-DQq10r8e8xhPFNWzDyMOnhFzCIqaQaIgx5uqiwigAoLijgLsQiQXhAZnPl_8vjf4:1t4MP1:b8NStoGhEMQMYN7yZimII18xVuMgha4IFDPqZ0U53q0",
            "expire_date": "2024-11-08T15:39:03.180Z"
        }
    },
    {
        "model": "minuman.minuman",
        "pk": "78c8a3e7-1903-4a17-b13e-144269714cdc",
        "fields": {
            "nama": "Jus Markisa",
            "harga": "25000.00",
            "deskripsi": "Jus Markisa segar dan alami, dibuat dari buah markisa pilihan yang matang sempurna. Rasanya manis dengan sentuhan asam yang menyegarkan, kaya akan vitamin C dan antioksidan alami. Minuman ini cocok untuk dinikmati dingin, memberikan kesegaran instan yang pas untuk melepas dahaga dan menambah energi sepanjang hari.",
            "gambar": "gambar_minuman/201d04db-8c92-4c9a-9308-f104096163f8.jpg",
            "ukuran": "SEDANG",
            "tingkat_kemanisan": 15,
            "restoran": "f000d91a-908f-46b6-8dc0-c5e7a370aae1"
        }
    },
    {
        "model": "minuman.minuman",
        "pk": "ad8c66e8-160b-4c1a-aa4f-fbf288f6ca12",
        "fields": {
            "nama": "Lemon Tea",
            "harga": "15000.00",
            "deskripsi": "Lemon Tea adalah minuman segar yang terbuat dari teh yang dicampur dengan jus lemon segar. Dikenal karena rasanya yang asam dan menyegarkan, lemon tea bisa disajikan panas atau dingin, ideal untuk menghilangkan dahaga dan meningkatkan kesehatan.",
            "gambar": "gambar_minuman/f105e3d0-5865-42e9-9bc6-cf592a6359b6.jpg",
            "ukuran": "SEDANG",
            "tingkat_kemanisan": 50,
            "restoran": "f000d91a-908f-46b6-8dc0-c5e7a370aae1"
        }
    },
    {
        "model": "minuman.minuman",
        "pk": "1aba418e-eb37-44a1-8aff-dfd927420806",
        "fields": {
            "nama": "Sparkling Water",
            "harga": "20000.00",
            "deskripsi": "Sparkling water adalah air mineral yang mengandung karbonasi, memberikan sensasi gelembung dan rasa segar. Tanpa tambahan gula atau kalori, sparkling water adalah pilihan yang menyegarkan dan sehat untuk hidrasi, cocok dinikmati sendiri atau sebagai pelengkap berbagai hidangan.",
            "gambar": "gambar_minuman/88484da4-8ac0-4a97-a593-5ce026aa4b73.jpg",
            "ukuran": "SEDANG",
            "tingkat_kemanisan": 4,
            "restoran": "f000d91a-908f-46b6-8dc0-c5e7a370aae1"
        }
    },
    {
        "model": "minuman.minuman",
        "pk": "37ee665c-9499-4a26-967c-412d7bf14392",
        "fields": {
            "nama": "Jahe Susu",
            "harga": "10000.00",
            "deskripsi": "Jahe susu adalah minuman hangat yang menggabungkan rasa pedas jahe segar dengan kelembutan susu. Minuman ini tidak hanya memberikan kehangatan, tetapi juga menawarkan manfaat kesehatan, seperti meningkatkan sistem imun dan meredakan pencernaan. Cocok dinikmati kapan saja, terutama saat cuaca dingin.",
            "gambar": "gambar_minuman/ad8c0ff7-09c9-42a5-b547-7442fe19ed8e.jpg",
            "ukuran": "KECIL",
            "tingkat_kemanisan": 15,
            "restoran": "f000d91a-908f-46b6-8dc0-c5e7a370aae1"
        }
    },
    {
        "model": "minuman.minuman",
        "pk": "c129ddff-8b21-4cb2-8452-6949dcf3da85",
        "fields": {
            "nama": "Thai Tea",
            "harga": "15000.00",
            "deskripsi": "Thai Tea adalah minuman teh khas Thailand yang terbuat dari teh hitam, rempah-rempah, dan susu. Disajikan dingin atau panas, Thai Tea memiliki warna oranye cerah dan rasa manis yang kaya, menjadikannya pilihan menyegarkan yang populer.",
            "gambar": "gambar_minuman/0fc8cb9b-adb5-43ba-a26d-c9c28978db39.jpg",
            "ukuran": "SEDANG",
            "tingkat_kemanisan": 80,
            "restoran": "f000d91a-908f-46b6-8dc0-c5e7a370aae1"
        }
    },
    {
        "model": "minuman.minuman",
        "pk": "d96a3190-f2a6-4052-9ef3-c167bb00edf8",
        "fields": {
            "nama": "Es Merah Delima",
            "harga": "25000.00",
            "deskripsi": "Es Delima Merah adalah minuman segar yang terbuat dari sari buah delima yang kaya akan antioksidan. Dengan warna merah cerah dan rasa manis-asam yang menyegarkan, es ini disajikan dengan es serut, memberikan sensasi dingin yang pas untuk menghilangkan dahaga. Cocok dinikmati di hari panas!",
            "gambar": "gambar_minuman/62f5db26-76e6-4a19-a41c-7bd8bbcbb7e2.jpg",
            "ukuran": "SEDANG",
            "tingkat_kemanisan": 70,
            "restoran": "e9e54d55-1361-4e83-b880-aa7852ef16f8"
        }
    },
    {
        "model": "minuman.minuman",
        "pk": "ab20f83c-4f60-41b1-893d-5f20dc8015cf",
        "fields": {
            "nama": "Green tea Latte",
            "harga": "30000.00",
            "deskripsi": "Green Tea Latte adalah minuman kopi yang creamy dan menyegarkan, terbuat dari campuran bubuk teh hijau matcha dan susu. Minuman ini memiliki aroma teh yang khas dan memberikan rasa manis yang lembut, cocok untuk dinikmati kapan saja.",
            "gambar": "gambar_minuman/404f8967-9984-495c-99aa-3eed650c3b6c.jpg",
            "ukuran": "BESAR",
            "tingkat_kemanisan": 50,
            "restoran": "e9e54d55-1361-4e83-b880-aa7852ef16f8"
        }
    },
    {
        "model": "minuman.minuman",
        "pk": "9f01804c-c0c0-4f72-ad82-3b3e311ecf6d",
        "fields": {
            "nama": "Chocolate Milkshake",
            "harga": "35000.00",
            "deskripsi": "Chocolate Milkshake adalah minuman kental dan creamy yang terbuat dari campuran es krim cokelat, susu, dan cokelat cair atau bubuk. Dengan rasa cokelat yang kaya dan tekstur yang lembut, minuman ini adalah pilihan sempurna untuk pencinta cokelat.",
            "gambar": "gambar_minuman/56fba81a-c453-46d4-9ff5-69552f8118e8.jpg",
            "ukuran": "SEDANG",
            "tingkat_kemanisan": 98,
            "restoran": "e9e54d55-1361-4e83-b880-aa7852ef16f8"
        }
    },
    {
        "model": "minuman.minuman",
        "pk": "8f334088-8caf-4bc7-a0d1-180fc66c1212",
        "fields": {
            "nama": "Kopi Tubruk",
            "harga": "20000.00",
            "deskripsi": "Kopi Tubruk adalah kopi khas Indonesia yang disajikan dengan cara menyeduh bubuk kopi kasar langsung dengan air panas, tanpa penyaringan. Minuman ini memiliki cita rasa yang kuat dan aroma yang khas, sering kali disajikan dengan gula sesuai selera.",
            "gambar": "gambar_minuman/d62b61fd-a70e-498b-a914-2d9b7f3481bc.jpg",
            "ukuran": "SEDANG",
            "tingkat_kemanisan": 15,
            "restoran": "e9e54d55-1361-4e83-b880-aa7852ef16f8"
        }
    },
    {
        "model": "minuman.minuman",
        "pk": "51a7c5b1-16d8-4976-bf56-39f364ede0cb",
        "fields": {
            "nama": "Lemon Mint",
            "harga": "28000.00",
            "deskripsi": "Lemon Mint adalah minuman menyegarkan yang menggabungkan perasan lemon segar dengan daun mint yang aromatik. Kombinasi asam dan segar ini memberikan sensasi dingin yang sempurna, cocok untuk dinikmati di hari panas.",
            "gambar": "gambar_minuman/2b836ffb-b627-4151-9f5d-abc766264089.jpg",
            "ukuran": "SEDANG",
            "tingkat_kemanisan": 15,
            "restoran": "e9e54d55-1361-4e83-b880-aa7852ef16f8"
        }
    },
    {
        "model": "minuman.minuman",
        "pk": "8dd7f632-5854-4deb-8c4a-ae64dd3a7181",
        "fields": {
            "nama": "Jus Buah Naga",
            "harga": "25000.00",
            "deskripsi": "Jus Buah Naga adalah minuman sehat yang terbuat dari daging buah naga yang berwarna cerah dan kaya akan antioksidan. Rasanya manis dan sedikit segar, dengan tekstur lembut, menjadikannya pilihan yang sempurna untuk menyegarkan diri.",
            "gambar": "gambar_minuman/b739a237-61ab-47cb-888e-b660f2c8e80d.jpg",
            "ukuran": "SEDANG",
            "tingkat_kemanisan": 20,
            "restoran": "d12c22ba-78d1-48a4-be85-ce804ae28b75"
        }
    },
    {
        "model": "minuman.minuman",
        "pk": "1ec10a74-e8d8-44f2-be63-5b5aedc49704",
        "fields": {
            "nama": "Es Kopi Aren",
            "harga": "15000.00",
            "deskripsi": "Es Kopi Aren adalah minuman segar yang terbuat dari kopi yang diseduh dengan gula aren, memberikan rasa manis yang khas dan aromatik. Disajikan dengan es, minuman ini sempurna untuk dinikmati saat cuaca panas, menawarkan kombinasi rasa pahit dari kopi dan manisnya gula aren.",
            "gambar": "gambar_minuman/fe3f2cb0-fba9-455b-bac6-024c3c1cff1a.jpg",
            "ukuran": "KECIL",
            "tingkat_kemanisan": 50,
            "restoran": "d12c22ba-78d1-48a4-be85-ce804ae28b75"
        }
    },
    {
        "model": "minuman.minuman",
        "pk": "5e9dfba1-f9a8-4c4c-a4d8-44b5fb1a6714",
        "fields": {
            "nama": "Caramel Latte",
            "harga": "18000.00",
            "deskripsi": "Caramel Latte adalah minuman kopi yang lembut dan manis, terbuat dari espresso yang dicampur dengan susu panas dan sirup karamel. Dihiasi dengan krim kocok dan drizzle karamel di atasnya, minuman ini menyajikan perpaduan rasa kopi yang kaya dengan sentuhan manis yang memanjakan lidah.",
            "gambar": "gambar_minuman/a23c8c47-2940-4b84-bae3-28ac5684fd66.jpg",
            "ukuran": "SEDANG",
            "tingkat_kemanisan": 80,
            "restoran": "d12c22ba-78d1-48a4-be85-ce804ae28b75"
        }
    },
    {
        "model": "minuman.minuman",
        "pk": "f9cd9774-d18e-4a40-ac4c-80f891510f16",
        "fields": {
            "nama": "Red Velvet",
            "harga": "20000.00",
            "deskripsi": "Red Velvet adalah minuman yang kaya dan menggoda, terbuat dari perpaduan susu dan sirup rasa red velvet yang manis. Minuman ini biasanya disajikan dengan lapisan krim kocok di atasnya, memberikan rasa lembut dan tekstur yang creamy, serta tampilan yang menarik dengan warna merah yang cerah.",
            "gambar": "gambar_minuman/0b0a5e51-ff92-40b0-b4d9-a28d5b6a8af1.jpg",
            "ukuran": "SEDANG",
            "tingkat_kemanisan": 80,
            "restoran": "d12c22ba-78d1-48a4-be85-ce804ae28b75"
        }
    },
    {
        "model": "minuman.minuman",
        "pk": "0e80e998-7083-45e1-a058-1359d6240238",
        "fields": {
            "nama": "Es Taro",
            "harga": "22000.00",
            "deskripsi": "Es Taro adalah minuman menyegarkan yang terbuat dari campuran susu dan pasta taro, memberikan rasa manis dan nutty yang khas. Disajikan dengan es serut, minuman ini biasanya memiliki warna ungu yang menarik dan seringkali dihiasi dengan bola tapioka atau jeli untuk menambah tekstur.",
            "gambar": "gambar_minuman/4e50ddc3-8c6b-468c-bcb4-2751d1bab8de.jpg",
            "ukuran": "SEDANG",
            "tingkat_kemanisan": 70,
            "restoran": "d12c22ba-78d1-48a4-be85-ce804ae28b75"
        }
    },
    {
        "model": "minuman.minuman",
        "pk": "ca0e3630-2670-4d5b-a194-9ae8c6081c9d",
        "fields": {
            "nama": "Summer Breeze",
            "harga": "25000.00",
            "deskripsi": "Summer Breeze adalah minuman segar yang menggabungkan rasa buah tropis seperti nanas, jeruk, dan mangga dengan es dan air soda. Dikenal karena kesegarannya, minuman ini sering dihias dengan irisan buah dan daun mint, menjadikannya pilihan ideal untuk cuaca panas.",
            "gambar": "gambar_minuman/2154211f-2067-44e4-a0b1-e974d672009e.jpg",
            "ukuran": "SEDANG",
            "tingkat_kemanisan": 60,
            "restoran": "bfb5f51b-9dec-4269-a42f-d94753b6a2c4"
        }
    },
    {
        "model": "minuman.minuman",
        "pk": "acb82e1d-2fc1-44c7-9acb-978a3365b417",
        "fields": {
            "nama": "Blue Lagoon",
            "harga": "27000.00",
            "deskripsi": "Blue Lagoon adalah minuman menyegarkan yang terbuat dari campuran jus lemon, sirup blue curaçao (atau pewarna makanan biru), dan soda, menciptakan warna biru cerah yang menawan. Minuman ini sering dihiasi dengan irisan lemon atau cherry, memberikan rasa manis dan asam yang seimbang, sempurna untuk dinikmati di cuaca panas.",
            "gambar": "gambar_minuman/93807dd0-c7df-475e-a74f-30399d02d9d9.jpg",
            "ukuran": "SEDANG",
            "tingkat_kemanisan": 75,
            "restoran": "bfb5f51b-9dec-4269-a42f-d94753b6a2c4"
        }
    },
    {
        "model": "minuman.minuman",
        "pk": "664b0562-44be-4f87-bf5d-c335b654217b",
        "fields": {
            "nama": "Green Apple Mojito",
            "harga": "27000.00",
            "deskripsi": "Green Apple Mojito adalah minuman segar yang menggabungkan rasa asam dari apel hijau dengan mint, limau, dan soda. Minuman ini menawarkan perpaduan rasa yang menyegarkan dan aromatik, sempurna untuk dinikmati di hari yang panas. Dihiasi dengan potongan apel dan daun mint, Green Apple Mojito menjadi pilihan yang menarik dan menggugah selera.",
            "gambar": "gambar_minuman/fd21d6dd-ee3b-4f9e-9a38-c2d72d2e4207.jpg",
            "ukuran": "SEDANG",
            "tingkat_kemanisan": 68,
            "restoran": "bfb5f51b-9dec-4269-a42f-d94753b6a2c4"
        }
    },
    {
        "model": "minuman.minuman",
        "pk": "c4e63738-9169-4a8e-861e-bfe1f32165b6",
        "fields": {
            "nama": "Strawberry Mojito",
            "harga": "27000.00",
            "deskripsi": "Strawberry Mojito adalah minuman segar yang memadukan stroberi manis, daun mint, dan perasan limau, disajikan dengan soda berkarbonasi. Cocok untuk menyegarkan di hari panas.",
            "gambar": "gambar_minuman/c3058739-9cfe-415f-9316-7fc191562935.jpg",
            "ukuran": "SEDANG",
            "tingkat_kemanisan": 60,
            "restoran": "bfb5f51b-9dec-4269-a42f-d94753b6a2c4"
        }
    },
    {
        "model": "minuman.minuman",
        "pk": "15ab26f7-618a-404b-8d21-8d153a49c93c",
        "fields": {
            "nama": "Oreo Shake",
            "harga": "30000.00",
            "deskripsi": "Oreo Shake adalah minuman kental dan creamy yang terbuat dari es krim vanila, susu, dan biskuit Oreo yang dihancurkan, memberikan rasa cokelat yang kaya dan tekstur yang menggoda.",
            "gambar": "gambar_minuman/26214ee4-01cb-4aa5-85e9-11f65f76d08b.jpg",
            "ukuran": "SEDANG",
            "tingkat_kemanisan": 80,
            "restoran": "bfb5f51b-9dec-4269-a42f-d94753b6a2c4"
        }
    },
    {
        "model": "minuman.minuman",
        "pk": "b475762d-b34a-4921-a67f-89779480c9d9",
        "fields": {
            "nama": "Jus Wortel",
            "harga": "17000.00",
            "deskripsi": "Jus wortel adalah minuman segar yang kaya vitamin A, terbuat dari wortel segar yang diperas, memberikan rasa manis alami dan warna oranye cerah.",
            "gambar": "gambar_minuman/11283497-4fe0-4ac9-b0a6-a4c9d8623b3f.jpg",
            "ukuran": "SEDANG",
            "tingkat_kemanisan": 65,
            "restoran": "a9b8eff7-f3c4-4d66-ae28-afef240b0960"
        }
    },
    {
        "model": "minuman.minuman",
        "pk": "cff5f0e2-cfc9-47d1-a4d0-39662eb6f5b5",
        "fields": {
            "nama": "Jus Belimbing",
            "harga": "18000.00",
            "deskripsi": "Jus belimbing adalah minuman segar yang terbuat dari belimbing matang, memiliki rasa asam manis yang menyegarkan dan aroma khas yang unik.",
            "gambar": "gambar_minuman/82b02bfb-af65-4ff0-88e2-c4a080f54c68.jpg",
            "ukuran": "SEDANG",
            "tingkat_kemanisan": 50,
            "restoran": "a9b8eff7-f3c4-4d66-ae28-afef240b0960"
        }
    },
    {
        "model": "minuman.minuman",
        "pk": "39fe9470-eb40-4640-9a33-19eada07edd6",
        "fields": {
            "nama": "Teh Tawar",
            "harga": "8000.00",
            "deskripsi": "Teh tawar adalah minuman sederhana yang diseduh dari daun teh tanpa tambahan gula atau pemanis. Nikmati keaslian dan rasa alami teh yang segar dan menyehatkan.",
            "gambar": "gambar_minuman/d59c9e10-ed9d-469b-8ca6-af12f5ef0ee2.jpg",
            "ukuran": "SEDANG",
            "tingkat_kemanisan": 0,
            "restoran": "a9b8eff7-f3c4-4d66-ae28-afef240b0960"
        }
    },
    {
        "model": "minuman.minuman",
        "pk": "d744325c-6b32-472c-93e5-77c6d73efc92",
        "fields": {
            "nama": "Jus Apel",
            "harga": "18000.00",
            "deskripsi": "Jus apel adalah minuman segar yang terbuat dari sari buah apel, menawarkan rasa manis dan sedikit asam yang menyegarkan. Kaya akan vitamin dan serat, jus ini sangat baik untuk kesehatan.",
            "gambar": "gambar_minuman/6574dbbb-69a9-40ee-82e1-d460a5652eeb.jpg",
            "ukuran": "SEDANG",
            "tingkat_kemanisan": 75,
            "restoran": "a9b8eff7-f3c4-4d66-ae28-afef240b0960"
        }
    },
    {
        "model": "minuman.minuman",
        "pk": "12dda877-cc8a-41fb-a149-456ff8b460ea",
        "fields": {
            "nama": "Jus Melon",
            "harga": "18000.00",
            "deskripsi": "Jus melon adalah minuman segar yang terbuat dari daging buah melon yang juicy, memberikan rasa manis dan lembut. Menyegarkan dan kaya akan air, jus ini sangat ideal untuk menghidrasi tubuh.",
            "gambar": "gambar_minuman/c2ec83bc-7105-4fa8-9af6-0d79220de5c2.jpg",
            "ukuran": "SEDANG",
            "tingkat_kemanisan": 65,
            "restoran": "a9b8eff7-f3c4-4d66-ae28-afef240b0960"
        }
    },
    {
        "model": "restoran.restoran",
        "pk": "0cc904b9-6003-48f1-a237-6b9a709ed6ae",
        "fields": {
            "nama": "Sentral Kampung Pempek Palembang",
            "alamat": "Jl. Beringin Janggut, Talang Semut, Kec. Bukit Kecil, Kota Palembang, Sumatera Selatan 30135",
            "jam_buka": "07:30:00",
            "jam_tutup": "22:00:00",
            "nomor_telepon": "(0711) 353934",
            "gambar": "gambar_restoran/77ad1190-756f-4516-bb56-6d9443b62819.jpg",
            "user": 10
        }
    },
    {
        "model": "restoran.restoran",
        "pk": "11914408-27e7-4e7f-b608-ddbcd858df4a",
        "fields": {
            "nama": "Rumah Makan Pindang Musi Rawas",
            "alamat": "Jl. Angkatan 45 No.18, Lorok Pakjo, Kec. Ilir Bar. I, Kota Palembang, Sumatera Selatan 30137",
            "jam_buka": "09:00:00",
            "jam_tutup": "22:00:00",
            "nomor_telepon": "(0711) 370590",
            "gambar": "gambar_restoran/220cc6f1-ba48-404b-ae50-21a0d1c367f3.jpg",
            "user": 2
        }
    },
    {
        "model": "restoran.restoran",
        "pk": "130561a8-c4d5-4b8e-ba5c-a36deeafd14d",
        "fields": {
            "nama": "Sushi Tei Palembang",
            "alamat": "Jl. Ki Ranggo Wirosantiko No.1C, Talang Semut, Kec. Bukit Kecil, Kota Palembang, Sumatera Selatan 30121",
            "jam_buka": "10:00:00",
            "jam_tutup": "22:00:00",
            "nomor_telepon": "(0711) 319500",
            "gambar": "gambar_restoran/ca329536-0979-4f2e-89d8-52e5febf7386.jpg",
            "user": 5
        }
    },
    {
        "model": "restoran.restoran",
        "pk": "40d5a0f4-362c-453b-8d67-2813fc459cf2",
        "fields": {
            "nama": "Pancious",
            "alamat": "Jl. Veteran Kav. A-3 No. 999, 9 Ilir, Ilir Timur II, 9 Ilir, Kec. Ilir Tim. II, Kota Palembang, Sumatera Selatan 30111",
            "jam_buka": "10:00:00",
            "jam_tutup": "23:30:00",
            "nomor_telepon": "(0711) 5556800",
            "gambar": "gambar_restoran/c79e3b1d-a4e6-4f03-9e29-5fd3fdc6edb7.jpg",
            "user": 7
        }
    },
    {
        "model": "restoran.restoran",
        "pk": "614d6b91-743f-45e4-9b8c-7a0de583bd30",
        "fields": {
            "nama": "Pempek Lala 26 Ilir",
            "alamat": "Jalan Mujahidin No.23 26 Ilir, Talang Semut, Kec. Bukit Kecil, Kota Palembang, Sumatera Selatan 30135",
            "jam_buka": "08:00:00",
            "jam_tutup": "22:00:00",
            "nomor_telepon": "0822-7877-2781",
            "gambar": "gambar_restoran/b2249b3b-447a-4d00-8703-4ebc0abb3831.jpg",
            "user": 9
        }
    },
    {
        "model": "restoran.restoran",
        "pk": "a9b8eff7-f3c4-4d66-ae28-afef240b0960",
        "fields": {
            "nama": "Saoenk Kito Restaurant",
            "alamat": "Jl. Demang lebar daun no.08-09 rw 043/ 011, Demang Lebar Daun, Kec. Ilir Bar. I, Kota Palembang, Sumatera Selatan 30151",
            "jam_buka": "10:00:00",
            "jam_tutup": "22:00:00",
            "nomor_telepon": "(0711) 442999",
            "gambar": "gambar_restoran/fc00bb1c-c637-4eeb-b446-33af40348812.jpg",
            "user": 6
        }
    },
    {
        "model": "restoran.restoran",
        "pk": "bfb5f51b-9dec-4269-a42f-d94753b6a2c4",
        "fields": {
            "nama": "Tamken Resto and Cafe",
            "alamat": "Jl. AKBP Cek Agus No.3, 8 Ilir, Kec. Ilir Tim. II, Kota Palembang, Sumatera Selatan 30163",
            "jam_buka": "10:00:00",
            "jam_tutup": "22:00:00",
            "nomor_telepon": "(0711) 5714826",
            "gambar": "gambar_restoran/e273b27a-6433-46b7-aa80-7d9b7fd5546a.jpg",
            "user": 4
        }
    },
    {
        "model": "restoran.restoran",
        "pk": "d12c22ba-78d1-48a4-be85-ce804ae28b75",
        "fields": {
            "nama": "RM Sri Melayu",
            "alamat": "Jl. Demang Lebar Daun No.1, Demang Lebar Daun, Kec. Ilir Bar. I, Kota Palembang, Sumatera Selatan 30137",
            "jam_buka": "10:00:00",
            "jam_tutup": "22:00:00",
            "nomor_telepon": "(0711) 420468",
            "gambar": "gambar_restoran/c8dc3dd9-0fea-4f6b-a029-97a9f38c9627.jpg",
            "user": 3
        }
    },
    {
        "model": "restoran.restoran",
        "pk": "e9e54d55-1361-4e83-b880-aa7852ef16f8",
        "fields": {
            "nama": "Gemercik Resto-Suki-Kedai Kopi",
            "alamat": "Jl. Demang Lebar Daun, Demang Lebar Daun, Kec. Ilir Bar. I, Kota Palembang, Sumatera Selatan 30151",
            "jam_buka": "09:30:00",
            "jam_tutup": "22:00:00",
            "nomor_telepon": "(0711) 5717101",
            "gambar": "gambar_restoran/83a09957-8434-42e5-b4bb-e452487bea27.jpg",
            "user": 8
        }
    },
    {
        "model": "restoran.restoran",
        "pk": "f000d91a-908f-46b6-8dc0-c5e7a370aae1",
        "fields": {
            "nama": "RM Pondok Kelapo",
            "alamat": "Jl. Demang Lebar Daun No.184, Demang Lebar Daun, Kec. Ilir Bar. I, Kota Palembang, Sumatera Selatan 30151",
            "jam_buka": "10:00:00",
            "jam_tutup": "22:00:00",
            "nomor_telepon": "(0711) 412011",
            "gambar": "gambar_restoran/1a6ad944-9875-4979-8eda-8d1d05ca2861.jpg",
            "user": 1
        }
    },
    {
        "model": "ulasan.ulasan",
        "pk": "0c0cb6e1-9884-4092-888f-d89e091766dc",
        "fields": {
            "created_at": "2024-10-25T16:09:03.224Z",
            "nilai": 5,
            "deskripsi": "Saya berkunjung ke salah satu sentra kampung pempek di Palembang, tepatnya di Kampung Pempek 26 Ilir. Saat itu, kami sudah memasuki puncak arus balik, sehingga tempat ini dipadati banyak pemudik yang berburu oleh-oleh.\r\n\r\nAlhamdulillah, setelah menunggu hampir setengah jam, kami akhirnya mendapatkan tempat yang nyaman di Resto Pempek Lala, salah satu pempek paling terkenal yang sering diliput oleh para food vlogger. Rasa pempeknya sangat enak, meskipun beberapa menu unik yang ingin saya coba sudah habis. Namun, tidak masalah, karena rasa ikan yang gurih dari menu yang masih tersedia cukup memuaskan perut, ditambah dengan suguhan kue hijau yang manis dan es kacang merah yang memadukan rasa manis dan gurih.\r\n\r\nSaya ingin mengucapkan terima kasih khusus kepada Nona Nina dan Om Ramli yang telah menjadi pemandu yang menyenangkan selama berkeliling di Kampung 26 Ilir.",
            "user": 11,
            "restoran": "614d6b91-743f-45e4-9b8c-7a0de583bd30"
        }
    },
    {
        "model": "ulasan.ulasan",
        "pk": "12281a9f-8238-4215-9334-16d264ab1762",
        "fields": {
            "created_at": "2024-10-25T15:52:03.243Z",
            "nilai": 5,
            "deskripsi": "Menurut pendapat saya, tempat makan ini layak dicoba jika Anda berkesempatan singgah di Palembang. Rasa makanannya sangat sesuai dengan selera saya, terutama pindang iga, pindang udang, pindang patin, sambal mangga, serta udang sambal pete yang disajikan dengan lalapan. Fasilitas parkirnya cukup luas, pelayanan yang diberikan juga baik, dan harga yang ditawarkan sangat terjangkau.",
            "user": 13,
            "restoran": "11914408-27e7-4e7f-b608-ddbcd858df4a"
        }
    },
    {
        "model": "ulasan.ulasan",
        "pk": "1ab4f85c-b5ef-486c-a53f-6f69a0e578a1",
        "fields": {
            "created_at": "2024-10-25T16:06:45.717Z",
            "nilai": 5,
            "deskripsi": "Restoran ini nyaman dan sangat cocok untuk makan bersama keluarga, teman, dan rekan kantor. Saat kami berkunjung, mayoritas pengunjungnya adalah kelompok pegawai kantor, yang menunjukkan bahwa suasananya memang ideal untuk bincang-bincang santai. Dengan nuansa kayu dan suara air dari kolam kecil, tempat ini terasa menenangkan.\r\n\r\nDari segi harga, sesuai dengan standar restoran di Palembang. Menu makanannya sangat bervariasi dan enak, sehingga cocok untuk dibagi-bagikan. Saya pribadi sangat menyukai buncis dengan dua rasa yang disajikan di sini.",
            "user": 12,
            "restoran": "e9e54d55-1361-4e83-b880-aa7852ef16f8"
        }
    },
    {
        "model": "ulasan.ulasan",
        "pk": "1bbd35c0-1d80-42d7-a9c4-d95770362679",
        "fields": {
            "created_at": "2024-10-25T16:08:27.552Z",
            "nilai": 5,
            "deskripsi": "Kawasan ini terkenal dengan aneka pempek yang memiliki berbagai jenis dan harga. Terdapat banyak penjual pempek, mulai dari restoran hingga pedagang di pinggir jalan, serta banyak penjual kemplang.\r\n\r\nKami mencoba pempek Edy, di mana harga pempek kecil untuk semua varian adalah Rp 1.500 per pcs, yang tergolong murah. Rasanya cukup enak, meskipun tidak sebanding dengan pempek Candy. Hehe. Kami juga membeli kemplang sebagai oleh-oleh, bukan di Pak Edy, tetapi di ruko kecil khusus yang menjual kemplang, dengan harga Rp 15.000 per paket. Kami membeli 13 paket kemplang untuk keluarga di rumah, dan rasanya enak, cocok sebagai oleh-oleh asli Palembang. ≡ƒæì\r\n\r\nJika ingin membeli oleh-oleh pempek, Anda juga bisa memesan dalam keadaan vakum dan dijadikan frozen, meskipun tidak bisa bertahan lama jika tidak disimpan di kulkas.",
            "user": 11,
            "restoran": "0cc904b9-6003-48f1-a237-6b9a709ed6ae"
        }
    },
    {
        "model": "ulasan.ulasan",
        "pk": "3c112d1e-238a-483a-8e7c-d1434a686f69",
        "fields": {
            "created_at": "2024-10-25T15:52:40.219Z",
            "nilai": 3,
            "deskripsi": "Tempatnya cukup luas. Saya memesan pindang tulang iga yang berisi tiga potong, dan rasanya sangat enak. Selain itu, terdapat juga ikan seluang yang gurih dan renyah, cocok dinikmati dengan sambal. Nasi hangat yang disajikan bersama hidangan ini sudah terasa lezat. Saya juga mencoba sempol ikan, yang rasanya tidak kalah enak. Namun, saat mencicipi srikaya, saya mendapati bahwa saya kurang menyukainya. Secara keseluruhan, pengalaman makan di sini sangat memuaskan! ≡ƒÿè≡ƒæì≡ƒÅ╝",
            "user": 11,
            "restoran": "11914408-27e7-4e7f-b608-ddbcd858df4a"
        }
    },
    {
        "model": "ulasan.ulasan",
        "pk": "3f0dc462-5df3-450e-b3ad-577af664e040",
        "fields": {
            "created_at": "2024-10-25T16:05:44.933Z",
            "nilai": 4,
            "deskripsi": "Saya baru saja mencoba makan di restoran yang terletak tepat di samping Holycow. Menu yang disajikan cenderung berfokus pada masakan Eropa, dengan variasi roti yang lebih dominan. Terdapat juga pilihan steak, termasuk steak ayam, ikan, dan daging, meskipun variasi pada masing-masing jenis steak tidak terlalu banyak.\r\n\r\nUntuk minuman, pilihan yang ditawarkan cukup bervariasi, dengan minuman andalan Barkley Tea yang menggunakan es gula merah. Suasana restoran yang cozy juga menjadi nilai tambah tersendiri. \r\n\r\nRestoran ini sangat cocok dijadikan sebagai tujuan makan atau berkumpul bersama keluarga dan rekan kerja. Namun, saya tidak merekomendasikannya untuk dikunjungi setiap minggu, mengingat harganya yang cukup lumayan tinggi (sudah sesuai dengan standar). Secara keseluruhan, pengalaman makan di sini sangat menyenangkan! ≡ƒæì",
            "user": 12,
            "restoran": "40d5a0f4-362c-453b-8d67-2813fc459cf2"
        }
    },
    {
        "model": "ulasan.ulasan",
        "pk": "42fda733-67e1-478f-a027-8aa3fbd26ecd",
        "fields": {
            "created_at": "2024-10-25T16:07:16.197Z",
            "nilai": 4,
            "deskripsi": "Tempat makan ini mengusung konsep kekinian dengan alunan musik live yang menambah suasana. Menawarkan beragam jenis makanan, pengunjung dapat memilih sesuai dengan selera masing-masing.\r\n\r\nSebelum makanan utama disajikan, meja akan disediakan cemilan sebagai \"welcoming food,\" seperti pempek, kue tart, atau kue sejenis sus (namun perlu diingat, ini berbayar). \r\n\r\nDari segi rasa, masakannya termasuk enak. Contohnya, kepiting yang dibungkus daun pisang memiliki bumbu yang sangat kuat dan berani. Sementara itu, bumbu ayam bawang juga enak, meskipun ayam gorengnya sedikit kering dan alot.",
            "user": 13,
            "restoran": "e9e54d55-1361-4e83-b880-aa7852ef16f8"
        }
    },
    {
        "model": "ulasan.ulasan",
        "pk": "46b2c18c-c195-4763-a4a7-3a31347cd5d9",
        "fields": {
            "created_at": "2024-10-25T15:40:53.973Z",
            "nilai": 5,
            "deskripsi": "Love the food!! Gurame saos padangnya yummy, tumis kangkung ≡ƒæì. Musholla dan toiletnya bersih. Atmosphere suasana makan disini sangat menyenangkan. Ada ruangan yang cocok untuk business meeting yang pakai AC.",
            "user": 12,
            "restoran": "f000d91a-908f-46b6-8dc0-c5e7a370aae1"
        }
    },
    {
        "model": "ulasan.ulasan",
        "pk": "4da98db9-4a08-47e3-952b-0c22961ff63a",
        "fields": {
            "created_at": "2024-10-25T16:01:27.932Z",
            "nilai": 5,
            "deskripsi": "Ini adalah tempat makan sushi keluarga premium pertama di Palembang, sebelum hadirnya berbagai sushi premium lainnya yang kini menjamur. Rasanya cukup memuaskan, dengan ukuran sushi yang besar. Satu porsi ramen dapat dibagikan untuk 2-3 orang. Harga yang ditawarkan sebanding dengan kualitas dan ukuran porsi.\r\n\r\nSuasana di restoran ini nyaman, dilengkapi dengan sushi belt conveyor yang memudahkan pengunjung untuk memilih sushi atau menu lainnya. \r\n\r\nLokasinya cukup eksklusif, berada di gedung Sushi Tei di simpang Jalan A. Rivai, dengan fasilitas parkir yang luas dan dekat dengan masjid besar.",
            "user": 11,
            "restoran": "130561a8-c4d5-4b8e-ba5c-a36deeafd14d"
        }
    },
    {
        "model": "ulasan.ulasan",
        "pk": "57a391dd-89ef-4a63-9f41-3d18e6f2b8b1",
        "fields": {
            "created_at": "2024-10-25T15:53:20.724Z",
            "nilai": 4,
            "deskripsi": "Ini adalah kunjungan kedua saya ke rumah makan Pindang Musi Rawas. Kunjungan pertama saya dilakukan bersama teman yang asli tinggal di Palembang, dan kali ini saya datang bersama keluarga. Sudah hampir enam tahun sejak kunjungan sebelumnya, dan suasananya terasa sedikit berbedaΓÇöpastinya lebih nyaman.\r\n\r\nDari segi rasa masakan, hampir tidak ada perubahan, terutama pada hidangan pindang. Pindang patin yang disajikan dengan dua potong ikan kini dihargai Rp 50.000, sedangkan pindang udang yang berukuran cukup besar dihargai Rp 120.000. Saya juga sempat mencicipi pepes dan sambal petai udang. Menu lainnya juga beragam, sehingga dapat dicoba sesuai dengan kemampuan dan selera.\r\n\r\nSuasana makan di sini cukup nyaman dan kebersihannya terjaga dengan baik, termasuk di toilet dan tempat cuci tangan yang juga bersih.",
            "user": 15,
            "restoran": "11914408-27e7-4e7f-b608-ddbcd858df4a"
        }
    },
    {
        "model": "ulasan.ulasan",
        "pk": "6b3ce114-1286-4994-9185-840d02bcb78b",
        "fields": {
            "created_at": "2024-10-25T16:05:12.038Z",
            "nilai": 5,
            "deskripsi": "Pancious di Palembang adalah restoran yang cocok untuk hangout dengan teman atau berkumpul dengan keluarga. Menu yang disajikan sebagian besar adalah masakan western, dan untuk pancake-nya, tidak perlu diragukan lagiΓÇösemuanya enak. \r\n\r\nSaya baru mencoba milk tea-nya dan ternyata rasanya sangat enak. Selain itu, spaghetti truffle-nya juga lezat, dengan rasa yang pas dan tidak terlalu kuat. Secara keseluruhan, saya merasa nyaman makan di sini.",
            "user": 11,
            "restoran": "40d5a0f4-362c-453b-8d67-2813fc459cf2"
        }
    },
    {
        "model": "ulasan.ulasan",
        "pk": "8a1979e4-e9d1-47d7-8478-8ad8972635ba",
        "fields": {
            "created_at": "2024-10-25T15:59:53.498Z",
            "nilai": 4,
            "deskripsi": "Tempatnya nyaman, lumayan luas ada ruang AC dan Non AC, ada bagian tamannya juga, ada spot foto juga, untuk makanan enak, kue kue enak, takjilnya enak juga karena kebetulan kesini pas acara Bukber, pelayanannya cukup ramah, ada musiknya, rekomen pokoknya buat yang cari lokasi untuk bukber dengan keluarga atau kantor.",
            "user": 13,
            "restoran": "bfb5f51b-9dec-4269-a42f-d94753b6a2c4"
        }
    },
    {
        "model": "ulasan.ulasan",
        "pk": "98112c92-0243-4b69-a801-3d8326c808d2",
        "fields": {
            "created_at": "2024-10-25T16:11:20.775Z",
            "nilai": 3,
            "deskripsi": "Sebagai tempat yang menjadi ikon pusat perdagangan kuliner khas tradisional, sudah sepatutnya pemerintah kota Palembang maupun pemerintah provinsi memberikan perhatian lebih terhadap lokasi ini, terutama bagi masyarakat dari luar daerah. Penting untuk menyediakan kemudahan dalam menjangkau tempat ini, seperti rute yang tidak berputar-putar, tanda arah yang jelas, serta fasilitas yang memadai, seperti area parkir untuk kendaraan roda dua maupun roda empat.\r\n\r\nSelain itu, akses jalan yang rapi dan tidak becek sangat diperlukan, mengingat kondisi di sekitar Pasar 26 yang terkesan semerawut. Peningkatan infrastruktur dan fasilitas akan membuat pengalaman berkunjung ke tempat ini menjadi lebih nyaman dan menyenangkan.",
            "user": 12,
            "restoran": "0cc904b9-6003-48f1-a237-6b9a709ed6ae"
        }
    },
    {
        "model": "ulasan.ulasan",
        "pk": "a12f2e8b-c1b0-4ce1-962c-cfd62e2ceb7c",
        "fields": {
            "created_at": "2024-10-25T15:46:46.467Z",
            "nilai": 2,
            "deskripsi": "Rasa makanan di restoran tersebut tergolong biasa. Udang bakar yang disajikan kurang meresap bumbunya. Selain itu, terjadi insiden yang lebih mengecewakan. Sebuah restoran besar seharusnya memiliki generator otomatis, namun pada kenyataannya tidak ada. Setidaknya, diharapkan terdapat lampu darurat. Saat kami sedang menikmati makanan, listrik padam, dan hal ini terjadi secara tiba-tiba, bukan karena pemadaman dari PLN, melainkan diduga akibat kehabisan token. Saya merasa sangat malu, mengingat saya sedang membawa tamu dari Jakarta.",
            "user": 15,
            "restoran": "f000d91a-908f-46b6-8dc0-c5e7a370aae1"
        }
    },
    {
        "model": "ulasan.ulasan",
        "pk": "a704d5ae-1d9a-41d4-a66e-0c00355b1275",
        "fields": {
            "created_at": "2024-10-25T15:44:01.943Z",
            "nilai": 5,
            "deskripsi": "Makanannya enak tentunya dengan harga yang Lumayan juga, suasana selalu ramai,apalagi di bulan Ramadhan, Untungnya masih ada table kosong, kalo agak sorean dikit pasti udah full, kalo ngga booking dari siang",
            "user": 14,
            "restoran": "f000d91a-908f-46b6-8dc0-c5e7a370aae1"
        }
    },
    {
        "model": "ulasan.ulasan",
        "pk": "ae7b4f31-5c65-48f1-9b44-f166b8300e5a",
        "fields": {
            "created_at": "2024-10-25T16:02:30.664Z",
            "nilai": 2,
            "deskripsi": "Harga di sini memang agak tinggi, tetapi sebanding dengan rasa dan kualitas bahan yang digunakan. Namun, saya mencatat bahwa kepala salmon yang saya makan terasa agak amis, mungkin perlu ditinjau kembali. Di luar itu, suasana dan pelayanan di restoran ini baik. Saya berharap mereka bisa sering-sering mengadakan promo. Hehehe.",
            "user": 15,
            "restoran": "130561a8-c4d5-4b8e-ba5c-a36deeafd14d"
        }
    },
    {
        "model": "ulasan.ulasan",
        "pk": "b0cdc437-61ad-4761-a9df-14f23138d165",
        "fields": {
            "created_at": "2024-10-25T16:04:10.267Z",
            "nilai": 4,
            "deskripsi": "Sekarang restoran ini telah berganti nama menjadi Mei Mei Restoran. Mereka menyajikan berbagai makanan khas Palembang, seperti pindang, soto, pempek, ayam, dan ikan. Rasa makanannya cukup enak dan sepadan dengan harga, meskipun tidak tergolong luar biasa.\r\n\r\nMenu yang menarik perhatian adalah tahu Sumedang yang hanya dihargai Rp 15.000 (sebelum pajak), dan menariknya, air putih hanya dikenakan biaya Rp 2.000, yang jarang ditemukan di restoran lain.\r\n\r\nFasilitas parkirnya cukup luas, meskipun harus berbagi dengan tempat fitness di sebelahnya. Bagian dalam restoran cukup luas dan dilengkapi dengan beberapa mainan anak yang menyerupai playground untuk anak-anak. Ruangan tidak dilengkapi dengan AC, hanya menggunakan kipas angin, dan terdapat saung-saung di dalamnya. Disarankan untuk datang pada saat cuaca tidak terlalu panas agar lebih nyaman. Mungkin ke depannya, pihak restoran dapat mempertimbangkan untuk memasang AC demi kenyamanan pelanggan.\r\n\r\nPelayanan di restoran ini adalah salah satu yang terbaik. Para pelayan sangat ramah, cepat, dan selalu tersenyum. Dengan pelayanan yang baik dan rasa makanan yang terjaga, seharusnya restoran ini dapat menjadi pilihan keluarga yang populer. Mungkin perlu dilakukan promosi untuk memperkenalkan kembali restoran ini kepada masyarakat.",
            "user": 16,
            "restoran": "a9b8eff7-f3c4-4d66-ae28-afef240b0960"
        }
    },
    {
        "model": "ulasan.ulasan",
        "pk": "b118b4ff-8767-4ff1-a2dd-b282958eb8e9",
        "fields": {
            "created_at": "2024-10-25T16:09:50.500Z",
            "nilai": 2,
            "deskripsi": "Saya ingin berbagi pengalaman mengenai pelayanan di sini yang kurang memuaskan. Sayangnya, banyak pelayan yang terkesan judes. Ketika saya meminta atau menanyakan sesuatu, jawaban yang diberikan terdengar ketus, seperti \"Kalau model itu memang tidak pakai mie putih.\" \r\n\r\nSaya mencoba bertanya lebih lanjut, tetapi malah mendapat tanggapan yang kurang ramah. Selain itu, saya juga memperhatikan mereka berbicara tentang pelanggan di depan kami, yang membuat suasana semakin tidak nyaman.\r\n\r\nSaya mengerti bahwa mereka mungkin lelah dan menghadapi banyak pesanan, namun seharusnya semua pelanggan tetap diperlakukan dengan baik. Terkadang, ketika banyak orang yang datang, perhatian terhadap pelanggan lain seolah terabaikan.\r\n\r\nSemoga ke depannya, pelayanan di sini bisa lebih ramah kepada semua pembeli. Senyuman kecil saja bisa membuat perbedaan besar. Terima kasih. ≡ƒÖÅ≡ƒÅ╗",
            "user": 15,
            "restoran": "614d6b91-743f-45e4-9b8c-7a0de583bd30"
        }
    },
    {
        "model": "ulasan.ulasan",
        "pk": "b4f0edb2-77f8-424b-9866-ca036774fabf",
        "fields": {
            "created_at": "2024-10-25T15:39:44.555Z",
            "nilai": 4,
            "deskripsi": "Menginjakan kaki di kota Palembang mencoba masakan khas disana. Pindang patin adalah salah satu menu pavorite yang tersedia dengan beberapa menu lain seperti ikan burame bakar, sup Jagung kepiting dan aneka kerang. Ikan patin pindang sangat diminati dan segar. Sup Jagung kepiting juga enak. Lingkungan restaurant yang asr─▒ dengan kolam ikan d─▒ dalam menambah nikmat Makan di siang hari.",
            "user": 11,
            "restoran": "f000d91a-908f-46b6-8dc0-c5e7a370aae1"
        }
    },
    {
        "model": "ulasan.ulasan",
        "pk": "ba51abfa-8260-4b28-a858-1f7ab6e298a5",
        "fields": {
            "created_at": "2024-10-25T16:00:36.094Z",
            "nilai": 5,
            "deskripsi": "Tempatnya sangat bagus dan cocok untuk makan bersama keluarga atau pasangan. Masakannya enak, dan pelayanan yang diberikan sangat baik serta ramah. Saya sangat menyukainya, terutama karena cocok untuk orang-orang yang suka berfoto. ≡ƒñ¡\r\n\r\nNamun, saat kami berkunjung, cuaca sedang hujan, sehingga kami terpaksa makan di bagian dalam. ≡ƒÑ║\r\n\r\nKami berencana untuk kembali ke sini di lain waktu. ≡ƒÿì≡ƒÖÅ",
            "user": 14,
            "restoran": "bfb5f51b-9dec-4269-a42f-d94753b6a2c4"
        }
    },
    {
        "model": "ulasan.ulasan",
        "pk": "baf89bd4-5f21-42ae-a646-b1ad08b6f105",
        "fields": {
            "created_at": "2024-10-25T15:55:01.020Z",
            "nilai": 5,
            "deskripsi": "Ini adalah salah satu tempat yang wajib dikunjungi jika Anda ingin menikmati pindang. Pindang patin dan udangnya sangat juara, sementara ikan seluang gorengnya juga lezat. Ditambah lagi, rasanya semakin nikmat dengan sambal tempoyak dan sambal mangga. Jangan lupa untuk memesan sambal pete udang saat berkunjung ke sini!",
            "user": 16,
            "restoran": "11914408-27e7-4e7f-b608-ddbcd858df4a"
        }
    },
    {
        "model": "ulasan.ulasan",
        "pk": "c8126234-6e77-4d45-a746-e5c298a625ae",
        "fields": {
            "created_at": "2024-10-25T15:51:11.344Z",
            "nilai": 4,
            "deskripsi": "Pindang ikan patinnya enak banget. Tersedia juga pindang lain seperti tulang iga dan udang. Selain pindang, tersedia juga lauk lainnya seperti ikan siluang garing, udang sambal pete, pentol ikan gabus dan sayur rebusan. Satu lagi yang juara adalah makanan penutup, sarikaya. Yang suka durian juga disediakan, ada musang king dan monthong",
            "user": 14,
            "restoran": "11914408-27e7-4e7f-b608-ddbcd858df4a"
        }
    },
    {
        "model": "ulasan.ulasan",
        "pk": "d7e9694a-0bf6-4a5f-9a35-efda4aa9a0bc",
        "fields": {
            "created_at": "2024-10-25T15:42:00.433Z",
            "nilai": 3,
            "deskripsi": "Rasa nya ok, tapi piring disajikan dalam keadaan basah tanpa di lap terlebih dahulu, pindang disajikan anget kuku, kamiengharapkan untuk makan sekeluarga seharga 430rb, service nya harus lebih baik dari ini, harusnya pindang itu disajikan panas, harus diperbaiki pelayanan nya",
            "user": 13,
            "restoran": "f000d91a-908f-46b6-8dc0-c5e7a370aae1"
        }
    },
    {
        "model": "ulasan.ulasan",
        "pk": "de2f2e32-8b2a-4f55-9143-ecd3df1cd2af",
        "fields": {
            "created_at": "2024-10-25T15:55:50.067Z",
            "nilai": 5,
            "deskripsi": "Saya mampir ke restoran ini karena dikatakan sebagai representasi masakan Melayu Palembang. Secara keseluruhan, rata-rata makanan yang disajikan enak dan sesuai dengan reputasinya. Suasana di restoran ini juga cukup mendukung, dengan adanya kolam ikan di bagian tengah yang dapat menghibur anak-anak.\r\n\r\nNamun, perlu diperhatikan posisi toilet yang berada di lantai bawah, yang mungkin kurang nyaman bagi tamu yang sudah berumur atau mengalami kesulitan untuk naik turun tangga. Selain itu, siapkan diri untuk merogoh kocek agak dalam, karena harga makanan di sini tergolong lumayan. Dengar-dengar, restoran ini sering digunakan untuk menjamu pejabat dan tamu-tamu penting.",
            "user": 15,
            "restoran": "d12c22ba-78d1-48a4-be85-ce804ae28b75"
        }
    },
    {
        "model": "ulasan.ulasan",
        "pk": "e4af2d82-627c-4cdd-879c-93c3af5fa77c",
        "fields": {
            "created_at": "2024-10-25T15:56:38.342Z",
            "nilai": 4,
            "deskripsi": "Ini adalah salah satu tempat makan pindang di Palembang yang strategis. Fasilitas parkir untuk mobil cukup luas, dan terdapat berbagai pilihan kursi dengan nuansa yang variatif.\r\n\r\nSaya menikmati hidangan pindang di sini bersama keluarga, dan harga yang ditawarkan sebanding dengan rasa yang disajikan. Rasa pindangnya cenderung manis, sementara pelayanan yang diberikan sangat ramah. Hidangan disajikan dalam keadaan panas, dan pengalaman makan semakin menarik dengan pemandangan di atas kolam ikan.",
            "user": 11,
            "restoran": "d12c22ba-78d1-48a4-be85-ce804ae28b75"
        }
    },
    {
        "model": "ulasan.ulasan",
        "pk": "eaf9d53f-71f1-40bd-9e73-3285a913ea3a",
        "fields": {
            "created_at": "2024-10-25T15:54:17.062Z",
            "nilai": 5,
            "deskripsi": "Pindangnya sangat lezat dan segar (mungkin karena bumbu rahasia! ≡ƒÿü), meskipun harganya cukup lumayan, sekitar Rp 60.000. Selain itu, ada juga udang satai yang rasanya enak, tetapi harganya cukup mahal, yaitu Rp 110.000 untuk satu porsi. Makanan lainnya dipadukan dengan sambal yang nikmat, tidak hanya pedas atau asam, tetapi memiliki rasa yang benar-benar enak. Sangat direkomendasikan untuk mengunjungi restoran ini, namun jika ingin membeli udang, sebaiknya pikirkan dengan bijak. Hehehe.",
            "user": 12,
            "restoran": "11914408-27e7-4e7f-b608-ddbcd858df4a"
        }
    },
    {
        "model": "ulasan.ulasan",
        "pk": "ede5acce-11be-4910-b7d6-9d13296e2e5d",
        "fields": {
            "created_at": "2024-10-25T15:47:58.365Z",
            "nilai": 4,
            "deskripsi": "Penggemar seafood yang sedang berkunjung ke Palembang tepat sekali untuk singgah dan mencoba menyantap sajian dari rumah makan ini. Tempatnya tenang, ada life music. Bagi yang butuh ruang untuk meeting juga ada. Bisa pilih ingin di area terbuka dengan udara luar ruangan atau di dalam ruangan. Soal cita rasa, termasuk kategori sajian yang enak. Kalau tidak bisa makan seafood tapi terpaksa mampir kesini karena kerabat atau rekan ingin makan seafood, tenang saja, ada sajian lainnya yang tidak kalah nikmat.",
            "user": 16,
            "restoran": "f000d91a-908f-46b6-8dc0-c5e7a370aae1"
        }
    },
    {
        "model": "ulasan.ulasan",
        "pk": "ee823b36-ff1f-4906-a793-d8cd158318c4",
        "fields": {
            "created_at": "2024-10-25T16:03:31.234Z",
            "nilai": 3,
            "deskripsi": "Seperti makan di pedesaan ad gazebo ny, kecil tempat ny tp krn penyusunan tempat ny bagus jd keliatan besar, makanan ny enak2 ad es cream, es kacang dll, dari sekian makanan aq pilih ny tahu krn udh kenyang jd ini aja pesenan krn penasaran dgn tempat ny aja sebenarnya",
            "user": 14,
            "restoran": "a9b8eff7-f3c4-4d66-ae28-afef240b0960"
        }
    },
    {
        "model": "authentication.user",
        "pk": 1,
        "fields": {
            "password": "pbkdf2_sha256$870000$yPOLC2JGnnNeMtprgpYWlM$wETbhAWroJtDl2QkJc45UJ8FNWkOsHJoAe44614A8Kg=",
            "last_login": null,
            "is_superuser": false,
            "username": "andi_setiawan",
            "first_name": "",
            "last_name": "",
            "email": "",
            "is_staff": false,
            "is_active": true,
            "date_joined": "2024-10-25T15:26:59.343Z",
            "nama": "Andi Setiawan",
            "peran": "pemilik_restoran",
            "poin": 0,
            "deskripsi": null,
            "foto": "",
            "groups": [],
            "user_permissions": []
        }
    },
    {
        "model": "authentication.user",
        "pk": 2,
        "fields": {
            "password": "pbkdf2_sha256$870000$kohMT69EboHmFd98r3Ve2c$afWyBFvCatNXVEfV6QOlquTu15HhXkxNGcZN+/C85YE=",
            "last_login": null,
            "is_superuser": false,
            "username": "siti_nur",
            "first_name": "",
            "last_name": "",
            "email": "",
            "is_staff": false,
            "is_active": true,
            "date_joined": "2024-10-25T15:27:14.223Z",
            "nama": "Siti Nurhaliza",
            "peran": "pemilik_restoran",
            "poin": 0,
            "deskripsi": null,
            "foto": "",
            "groups": [],
            "user_permissions": []
        }
    },
    {
        "model": "authentication.user",
        "pk": 3,
        "fields": {
            "password": "pbkdf2_sha256$870000$UACaLcME3oGPwWGepvBpqd$JOw2zcbeaDx4iC0A7oAUCc/gipLfu5/jU4uTk4S5FR4=",
            "last_login": null,
            "is_superuser": false,
            "username": "budi_san",
            "first_name": "",
            "last_name": "",
            "email": "",
            "is_staff": false,
            "is_active": true,
            "date_joined": "2024-10-25T15:27:28.485Z",
            "nama": "Budi Santoso",
            "peran": "pemilik_restoran",
            "poin": 0,
            "deskripsi": null,
            "foto": "",
            "groups": [],
            "user_permissions": []
        }
    },
    {
        "model": "authentication.user",
        "pk": 4,
        "fields": {
            "password": "pbkdf2_sha256$870000$VV7NkMyW7MP7sZWP6u071b$kJfoecGZMakIZwKSNR7KhA0gi1G98gh9lFhdPyz76Ig=",
            "last_login": null,
            "is_superuser": false,
            "username": "maria.j",
            "first_name": "",
            "last_name": "",
            "email": "",
            "is_staff": false,
            "is_active": true,
            "date_joined": "2024-10-25T15:27:44.481Z",
            "nama": "Maria Johnson",
            "peran": "pemilik_restoran",
            "poin": 0,
            "deskripsi": null,
            "foto": "",
            "groups": [],
            "user_permissions": []
        }
    },
    {
        "model": "authentication.user",
        "pk": 5,
        "fields": {
            "password": "pbkdf2_sha256$870000$RC6pRmVgur6X4EgxYIGiXx$QpPn7UsffBvuWjaZX8yg0BFh948Gpyx5L65rDDP6oBU=",
            "last_login": null,
            "is_superuser": false,
            "username": "rina_aulia",
            "first_name": "",
            "last_name": "",
            "email": "",
            "is_staff": false,
            "is_active": true,
            "date_joined": "2024-10-25T15:28:00.654Z",
            "nama": "Rina Aulia",
            "peran": "pemilik_restoran",
            "poin": 0,
            "deskripsi": null,
            "foto": "",
            "groups": [],
            "user_permissions": []
        }
    },
    {
        "model": "authentication.user",
        "pk": 6,
        "fields": {
            "password": "pbkdf2_sha256$870000$CNzwxc31T2ehi3N89Z4GHX$B+SQciuFUPRmZTd08M3fQTJJDjvImQYIPwtR68pxQt0=",
            "last_login": null,
            "is_superuser": false,
            "username": "joko_p",
            "first_name": "",
            "last_name": "",
            "email": "",
            "is_staff": false,
            "is_active": true,
            "date_joined": "2024-10-25T15:28:12.923Z",
            "nama": "Joko Prasetyo",
            "peran": "pemilik_restoran",
            "poin": 0,
            "deskripsi": null,
            "foto": "",
            "groups": [],
            "user_permissions": []
        }
    },
    {
        "model": "authentication.user",
        "pk": 7,
        "fields": {
            "password": "pbkdf2_sha256$870000$MF6wEkrVGeQOaUzcmAoF4E$lyENPS0X35Gne21UCuD4k6H6V3A3sbaVZ5VlpxgeNBg=",
            "last_login": null,
            "is_superuser": false,
            "username": "tania.s",
            "first_name": "",
            "last_name": "",
            "email": "",
            "is_staff": false,
            "is_active": true,
            "date_joined": "2024-10-25T15:28:24.631Z",
            "nama": "Tania Safira",
            "peran": "pemilik_restoran",
            "poin": 0,
            "deskripsi": null,
            "foto": "",
            "groups": [],
            "user_permissions": []
        }
    },
    {
        "model": "authentication.user",
        "pk": 8,
        "fields": {
            "password": "pbkdf2_sha256$870000$nfTg5W2dZPQ5HxxnGicq86$9k5bFfJWnijEjTgSINLA6g3BSEs+KHxBCufRYbsuwZ0=",
            "last_login": null,
            "is_superuser": false,
            "username": "fajar_h",
            "first_name": "",
            "last_name": "",
            "email": "",
            "is_staff": false,
            "is_active": true,
            "date_joined": "2024-10-25T15:28:36.862Z",
            "nama": "Fajar Hidayat",
            "peran": "pemilik_restoran",
            "poin": 0,
            "deskripsi": null,
            "foto": "",
            "groups": [],
            "user_permissions": []
        }
    },
    {
        "model": "authentication.user",
        "pk": 9,
        "fields": {
            "password": "pbkdf2_sha256$870000$QzlivaDVRk4FTMMq1IVO6Z$mGdbjAb1K9URH25mYmZn/Ev7G3V46EASJIOLT/gM5MU=",
            "last_login": null,
            "is_superuser": false,
            "username": "lila_m",
            "first_name": "",
            "last_name": "",
            "email": "",
            "is_staff": false,
            "is_active": true,
            "date_joined": "2024-10-25T15:29:05.381Z",
            "nama": "Lila Mustika",
            "peran": "pemilik_restoran",
            "poin": 0,
            "deskripsi": null,
            "foto": "",
            "groups": [],
            "user_permissions": []
        }
    },
    {
        "model": "authentication.user",
        "pk": 10,
        "fields": {
            "password": "pbkdf2_sha256$870000$qAkIit81IvHmRoDu4d3dll$Mr5IAzY8RRgD6Sd2E33BY0rXnusXV08eK/jxo6fofX8=",
            "last_login": null,
            "is_superuser": false,
            "username": "ahmadjaya",
            "first_name": "",
            "last_name": "",
            "email": "",
            "is_staff": false,
            "is_active": true,
            "date_joined": "2024-10-25T15:29:31.803Z",
            "nama": "Ahmad Jaya",
            "peran": "pemilik_restoran",
            "poin": 0,
            "deskripsi": null,
            "foto": "",
            "groups": [],
            "user_permissions": []
        }
    },
    {
        "model": "authentication.user",
        "pk": 11,
        "fields": {
            "password": "pbkdf2_sha256$870000$u1flI1nBJ52F0YRReZLUjx$a44nFwUl/Y/OhaF2wARtFuDRsZhU8W1DR4USDDEZFH0=",
            "last_login": "2024-10-25T16:08:01.619Z",
            "is_superuser": false,
            "username": "faziltirtana",
            "first_name": "",
            "last_name": "",
            "email": "",
            "is_staff": false,
            "is_active": true,
            "date_joined": "2024-10-25T15:38:59.325Z",
            "nama": "Muhammad Fazil Tirtana",
            "peran": "pengulas",
            "poin": 35,
            "deskripsi": null,
            "foto": "",
            "groups": [],
            "user_permissions": []
        }
    },
    {
        "model": "authentication.user",
        "pk": 12,
        "fields": {
            "password": "pbkdf2_sha256$870000$N4ddb0OKuwSfzN8U4vqRzy$luvJUJ3Yz/taSokTQ8QxdbViE+3UVYeKzsASSBMIFYE=",
            "last_login": "2024-10-25T16:10:50.734Z",
            "is_superuser": false,
            "username": "damar",
            "first_name": "",
            "last_name": "",
            "email": "",
            "is_staff": false,
            "is_active": true,
            "date_joined": "2024-10-25T15:40:35.310Z",
            "nama": "Athallah Damar Jiwanto",
            "peran": "pengulas",
            "poin": 25,
            "deskripsi": null,
            "foto": "",
            "groups": [],
            "user_permissions": []
        }
    },
    {
        "model": "authentication.user",
        "pk": 13,
        "fields": {
            "password": "pbkdf2_sha256$870000$gKactt8r70EFehTJcp21Eg$52ghsj01zuUMdOBsb3RZyhyE/EGFMMzNSReYt9Q4e4o=",
            "last_login": "2024-10-25T16:06:56.014Z",
            "is_superuser": false,
            "username": "syauqiyasman",
            "first_name": "",
            "last_name": "",
            "email": "",
            "is_staff": false,
            "is_active": true,
            "date_joined": "2024-10-25T15:41:36.294Z",
            "nama": "Syauqi Muhammad Yasman",
            "peran": "pengulas",
            "poin": 20,
            "deskripsi": null,
            "foto": "",
            "groups": [],
            "user_permissions": []
        }
    },
    {
        "model": "authentication.user",
        "pk": 14,
        "fields": {
            "password": "pbkdf2_sha256$870000$jDIOUt6bsdvNxmJhYpucH2$B+tHICvM2KnyNop1uclRayUAKzjcqPeFjiLPYCZetM8=",
            "last_login": "2024-10-25T16:02:58.840Z",
            "is_superuser": false,
            "username": "mdlnecg",
            "first_name": "",
            "last_name": "",
            "email": "",
            "is_staff": false,
            "is_active": true,
            "date_joined": "2024-10-25T15:43:22.391Z",
            "nama": "Madeline Clairine Gultom",
            "peran": "pengulas",
            "poin": 20,
            "deskripsi": null,
            "foto": "",
            "groups": [],
            "user_permissions": []
        }
    },
    {
        "model": "authentication.user",
        "pk": 15,
        "fields": {
            "password": "pbkdf2_sha256$870000$SDPDQTFgp6sqh60vqpaaH8$HiZgtAttW6yPmHERXN2RO91Xqj5mxw3SqhspXecRJHA=",
            "last_login": "2024-10-25T16:09:17.560Z",
            "is_superuser": false,
            "username": "bemo",
            "first_name": "",
            "last_name": "",
            "email": "",
            "is_staff": false,
            "is_active": true,
            "date_joined": "2024-10-25T15:45:32.684Z",
            "nama": "Muhammad Fawwaz Edsa Fatin Setiawan",
            "peran": "pengulas",
            "poin": 25,
            "deskripsi": null,
            "foto": "",
            "groups": [],
            "user_permissions": []
        }
    },
    {
        "model": "authentication.user",
        "pk": 16,
        "fields": {
            "password": "pbkdf2_sha256$870000$taakWk06NXbdcexoMAMSKi$rAmHeI+JH21zzoGO+vyiuw+32AoJBUUJIYQIU72yiMc=",
            "last_login": "2024-10-25T16:03:41.124Z",
            "is_superuser": false,
            "username": "andiaqsa",
            "first_name": "",
            "last_name": "",
            "email": "",
            "is_staff": false,
            "is_active": true,
            "date_joined": "2024-10-25T15:47:26.656Z",
            "nama": "Andi Aqsa Mappatunru Marzuki",
            "peran": "pengulas",
            "poin": 20,
            "deskripsi": null,
            "foto": "",
            "groups": [],
            "user_permissions": []
        }
    }
]