[
    {
        "model": "auth.permission",
        "pk": 1,
        "fields": {
            "name": "Can add log entry",
            "content_type": 1,
            "codename": "add_logentry"
        }
    },
    {
        "model": "auth.permission",
        "pk": 2,
        "fields": {
            "name": "Can change log entry",
            "content_type": 1,
            "codename": "change_logentry"
        }
    },
    {
        "model": "auth.permission",
        "pk": 3,
        "fields": {
            "name": "Can delete log entry",
            "content_type": 1,
            "codename": "delete_logentry"
        }
    },
    {
        "model": "auth.permission",
        "pk": 4,
        "fields": {
            "name": "Can view log entry",
            "content_type": 1,
            "codename": "view_logentry"
        }
    },
    {
        "model": "auth.permission",
        "pk": 5,
        "fields": {
            "name": "Can add permission",
            "content_type": 2,
            "codename": "add_permission"
        }
    },
    {
        "model": "auth.permission",
        "pk": 6,
        "fields": {
            "name": "Can change permission",
            "content_type": 2,
            "codename": "change_permission"
        }
    },
    {
        "model": "auth.permission",
        "pk": 7,
        "fields": {
            "name": "Can delete permission",
            "content_type": 2,
            "codename": "delete_permission"
        }
    },
    {
        "model": "auth.permission",
        "pk": 8,
        "fields": {
            "name": "Can view permission",
            "content_type": 2,
            "codename": "view_permission"
        }
    },
    {
        "model": "auth.permission",
        "pk": 9,
        "fields": {
            "name": "Can add group",
            "content_type": 3,
            "codename": "add_group"
        }
    },
    {
        "model": "auth.permission",
        "pk": 10,
        "fields": {
            "name": "Can change group",
            "content_type": 3,
            "codename": "change_group"
        }
    },
    {
        "model": "auth.permission",
        "pk": 11,
        "fields": {
            "name": "Can delete group",
            "content_type": 3,
            "codename": "delete_group"
        }
    },
    {
        "model": "auth.permission",
        "pk": 12,
        "fields": {
            "name": "Can view group",
            "content_type": 3,
            "codename": "view_group"
        }
    },
    {
        "model": "auth.permission",
        "pk": 13,
        "fields": {
            "name": "Can add content type",
            "content_type": 4,
            "codename": "add_contenttype"
        }
    },
    {
        "model": "auth.permission",
        "pk": 14,
        "fields": {
            "name": "Can change content type",
            "content_type": 4,
            "codename": "change_contenttype"
        }
    },
    {
        "model": "auth.permission",
        "pk": 15,
        "fields": {
            "name": "Can delete content type",
            "content_type": 4,
            "codename": "delete_contenttype"
        }
    },
    {
        "model": "auth.permission",
        "pk": 16,
        "fields": {
            "name": "Can view content type",
            "content_type": 4,
            "codename": "view_contenttype"
        }
    },
    {
        "model": "auth.permission",
        "pk": 17,
        "fields": {
            "name": "Can add session",
            "content_type": 5,
            "codename": "add_session"
        }
    },
    {
        "model": "auth.permission",
        "pk": 18,
        "fields": {
            "name": "Can change session",
            "content_type": 5,
            "codename": "change_session"
        }
    },
    {
        "model": "auth.permission",
        "pk": 19,
        "fields": {
            "name": "Can delete session",
            "content_type": 5,
            "codename": "delete_session"
        }
    },
    {
        "model": "auth.permission",
        "pk": 20,
        "fields": {
            "name": "Can view session",
            "content_type": 5,
            "codename": "view_session"
        }
    },
    {
        "model": "auth.permission",
        "pk": 21,
        "fields": {
            "name": "Can add kategori",
            "content_type": 6,
            "codename": "add_kategori"
        }
    },
    {
        "model": "auth.permission",
        "pk": 22,
        "fields": {
            "name": "Can change kategori",
            "content_type": 6,
            "codename": "change_kategori"
        }
    },
    {
        "model": "auth.permission",
        "pk": 23,
        "fields": {
            "name": "Can delete kategori",
            "content_type": 6,
            "codename": "delete_kategori"
        }
    },
    {
        "model": "auth.permission",
        "pk": 24,
        "fields": {
            "name": "Can view kategori",
            "content_type": 6,
            "codename": "view_kategori"
        }
    },
    {
        "model": "auth.permission",
        "pk": 25,
        "fields": {
            "name": "Can add makanan",
            "content_type": 7,
            "codename": "add_makanan"
        }
    },
    {
        "model": "auth.permission",
        "pk": 26,
        "fields": {
            "name": "Can change makanan",
            "content_type": 7,
            "codename": "change_makanan"
        }
    },
    {
        "model": "auth.permission",
        "pk": 27,
        "fields": {
            "name": "Can delete makanan",
            "content_type": 7,
            "codename": "delete_makanan"
        }
    },
    {
        "model": "auth.permission",
        "pk": 28,
        "fields": {
            "name": "Can view makanan",
            "content_type": 7,
            "codename": "view_makanan"
        }
    },
    {
        "model": "auth.permission",
        "pk": 29,
        "fields": {
            "name": "Can add minuman",
            "content_type": 8,
            "codename": "add_minuman"
        }
    },
    {
        "model": "auth.permission",
        "pk": 30,
        "fields": {
            "name": "Can change minuman",
            "content_type": 8,
            "codename": "change_minuman"
        }
    },
    {
        "model": "auth.permission",
        "pk": 31,
        "fields": {
            "name": "Can delete minuman",
            "content_type": 8,
            "codename": "delete_minuman"
        }
    },
    {
        "model": "auth.permission",
        "pk": 32,
        "fields": {
            "name": "Can view minuman",
            "content_type": 8,
            "codename": "view_minuman"
        }
    },
    {
        "model": "auth.permission",
        "pk": 33,
        "fields": {
            "name": "Can add restoran",
            "content_type": 9,
            "codename": "add_restoran"
        }
    },
    {
        "model": "auth.permission",
        "pk": 34,
        "fields": {
            "name": "Can change restoran",
            "content_type": 9,
            "codename": "change_restoran"
        }
    },
    {
        "model": "auth.permission",
        "pk": 35,
        "fields": {
            "name": "Can delete restoran",
            "content_type": 9,
            "codename": "delete_restoran"
        }
    },
    {
        "model": "auth.permission",
        "pk": 36,
        "fields": {
            "name": "Can view restoran",
            "content_type": 9,
            "codename": "view_restoran"
        }
    },
    {
        "model": "auth.permission",
        "pk": 37,
        "fields": {
            "name": "Can add ulasan",
            "content_type": 10,
            "codename": "add_ulasan"
        }
    },
    {
        "model": "auth.permission",
        "pk": 38,
        "fields": {
            "name": "Can change ulasan",
            "content_type": 10,
            "codename": "change_ulasan"
        }
    },
    {
        "model": "auth.permission",
        "pk": 39,
        "fields": {
            "name": "Can delete ulasan",
            "content_type": 10,
            "codename": "delete_ulasan"
        }
    },
    {
        "model": "auth.permission",
        "pk": 40,
        "fields": {
            "name": "Can view ulasan",
            "content_type": 10,
            "codename": "view_ulasan"
        }
    },
    {
        "model": "auth.permission",
        "pk": 41,
        "fields": {
            "name": "Can add forum",
            "content_type": 11,
            "codename": "add_forum"
        }
    },
    {
        "model": "auth.permission",
        "pk": 42,
        "fields": {
            "name": "Can change forum",
            "content_type": 11,
            "codename": "change_forum"
        }
    },
    {
        "model": "auth.permission",
        "pk": 43,
        "fields": {
            "name": "Can delete forum",
            "content_type": 11,
            "codename": "delete_forum"
        }
    },
    {
        "model": "auth.permission",
        "pk": 44,
        "fields": {
            "name": "Can view forum",
            "content_type": 11,
            "codename": "view_forum"
        }
    },
    {
        "model": "auth.permission",
        "pk": 45,
        "fields": {
            "name": "Can add balasan",
            "content_type": 12,
            "codename": "add_balasan"
        }
    },
    {
        "model": "auth.permission",
        "pk": 46,
        "fields": {
            "name": "Can change balasan",
            "content_type": 12,
            "codename": "change_balasan"
        }
    },
    {
        "model": "auth.permission",
        "pk": 47,
        "fields": {
            "name": "Can delete balasan",
            "content_type": 12,
            "codename": "delete_balasan"
        }
    },
    {
        "model": "auth.permission",
        "pk": 48,
        "fields": {
            "name": "Can view balasan",
            "content_type": 12,
            "codename": "view_balasan"
        }
    },
    {
        "model": "auth.permission",
        "pk": 49,
        "fields": {
            "name": "Can add favorit",
            "content_type": 13,
            "codename": "add_favorit"
        }
    },
    {
        "model": "auth.permission",
        "pk": 50,
        "fields": {
            "name": "Can change favorit",
            "content_type": 13,
            "codename": "change_favorit"
        }
    },
    {
        "model": "auth.permission",
        "pk": 51,
        "fields": {
            "name": "Can delete favorit",
            "content_type": 13,
            "codename": "delete_favorit"
        }
    },
    {
        "model": "auth.permission",
        "pk": 52,
        "fields": {
            "name": "Can view favorit",
            "content_type": 13,
            "codename": "view_favorit"
        }
    },
    {
        "model": "auth.permission",
        "pk": 53,
        "fields": {
            "name": "Can add user",
            "content_type": 14,
            "codename": "add_user"
        }
    },
    {
        "model": "auth.permission",
        "pk": 54,
        "fields": {
            "name": "Can change user",
            "content_type": 14,
            "codename": "change_user"
        }
    },
    {
        "model": "auth.permission",
        "pk": 55,
        "fields": {
            "name": "Can delete user",
            "content_type": 14,
            "codename": "delete_user"
        }
    },
    {
        "model": "auth.permission",
        "pk": 56,
        "fields": {
            "name": "Can view user",
            "content_type": 14,
            "codename": "view_user"
        }
    },
    {
        "model": "contenttypes.contenttype",
        "pk": 1,
        "fields": {
            "app_label": "admin",
            "model": "logentry"
        }
    },
    {
        "model": "contenttypes.contenttype",
        "pk": 2,
        "fields": {
            "app_label": "auth",
            "model": "permission"
        }
    },
    {
        "model": "contenttypes.contenttype",
        "pk": 3,
        "fields": {
            "app_label": "auth",
            "model": "group"
        }
    },
    {
        "model": "contenttypes.contenttype",
        "pk": 4,
        "fields": {
            "app_label": "contenttypes",
            "model": "contenttype"
        }
    },
    {
        "model": "contenttypes.contenttype",
        "pk": 5,
        "fields": {
            "app_label": "sessions",
            "model": "session"
        }
    },
    {
        "model": "contenttypes.contenttype",
        "pk": 6,
        "fields": {
            "app_label": "makanan",
            "model": "kategori"
        }
    },
    {
        "model": "contenttypes.contenttype",
        "pk": 7,
        "fields": {
            "app_label": "makanan",
            "model": "makanan"
        }
    },
    {
        "model": "contenttypes.contenttype",
        "pk": 8,
        "fields": {
            "app_label": "minuman",
            "model": "minuman"
        }
    },
    {
        "model": "contenttypes.contenttype",
        "pk": 9,
        "fields": {
            "app_label": "restoran",
            "model": "restoran"
        }
    },
    {
        "model": "contenttypes.contenttype",
        "pk": 10,
        "fields": {
            "app_label": "ulasan",
            "model": "ulasan"
        }
    },
    {
        "model": "contenttypes.contenttype",
        "pk": 11,
        "fields": {
            "app_label": "forum",
            "model": "forum"
        }
    },
    {
        "model": "contenttypes.contenttype",
        "pk": 12,
        "fields": {
            "app_label": "forum",
            "model": "balasan"
        }
    },
    {
        "model": "contenttypes.contenttype",
        "pk": 13,
        "fields": {
            "app_label": "favorit",
            "model": "favorit"
        }
    },
    {
        "model": "contenttypes.contenttype",
        "pk": 14,
        "fields": {
            "app_label": "authentication",
            "model": "user"
        }
    },
    {
        "model": "sessions.session",
        "pk": "1945xrjbe0pei99dnabvpyjb3yffoqyb",
        "fields": {
            "session_data": ".eJxVjMsOwiAUBf-FtSGlvYXi0r3fQLgPpGogKe3K-O_apAvdnpk5LxXituawNVnCzOqsDKjT74iRHlJ2wvdYblVTLesyo94VfdCmr5XleTncv4McW_7WkyME68Q4IOls54QIUgIfaQRLPSfBgY0R7N3gxdhEONnBADNaPzr1_gAfSDik:1t4d8J:FlYrOVamt_Ff6YlA2QogOuxtvhxjy2cbNpRJSUn4ORw",
            "expire_date": "2024-11-09T09:30:55.927Z"
        }
    },
    {
        "model": "sessions.session",
        "pk": "592a9gcpyemv6c90jg8shuhcg73yp4z1",
        "fields": {
            "session_data": ".eJxVjEEOwiAQRe_C2hAYQFqX7nsGAjODVA0kpV0Z765NutDtf-_9lwhxW0vYOi9hJnER2ojT75giPrjuhO6x3prEVtdlTnJX5EG7nBrx83q4fwcl9vKtcfBowCGBMeqs0uA82qyByOeRcvTgXQLNka12WSGgUaMGJu0ZLYB4fwADJDfw:1t4d9m:ZfjhC4q2EgO9ktl6p_t9bLxrz_tJfuQuZ8m2uHT-jbM",
            "expire_date": "2024-11-09T09:32:26.956Z"
        }
    },
    {
        "model": "sessions.session",
        "pk": "6g143sotyd4gljbbd7i67scdwhpxdtn7",
        "fields": {
            "session_data": ".eJxVjEEOwiAQRe_C2hCBDoJL9z0DYZhBqgaS0q6Md7dNutDte-__twhxXUpYO89hInEVCsTpF2JMT667oUes9yZTq8s8odwTedgux0b8uh3t30GJvWxrr87RDZqMSZqsZqPQu0EpYMJsyCJ4n_JGLpSzMzoPFgATWG2tYyDx-QL3GDe8:1t4dFr:26JEusWpV50e-s0qfmyBbPL2Bgnvq5KzrmHOVn1wCM0",
            "expire_date": "2024-11-09T09:38:43.357Z"
        }
    },
    {
        "model": "sessions.session",
        "pk": "ftdmya6y7rc7ihbizz7ojwfzwrsd4tua",
        "fields": {
            "session_data": ".eJxVjEEOwiAQRe_C2hAYQFqX7nsGAjODVA0kpV0Z765NutDtf-_9lwhxW0vYOi9hJnER2ojT75giPrjuhO6x3prEVtdlTnJX5EG7nBrx83q4fwcl9vKtcfBowCGBMeqs0uA82qyByOeRcvTgXQLNka12WSGgUaMGJu0ZLYB4fwADJDfw:1t4YZx:mfUfelQkUVWaeRGVNIwuYEKXNO7v1iSdIiIYIN7zAvI",
            "expire_date": "2024-11-09T04:39:09.517Z"
        }
    },
    {
        "model": "sessions.session",
        "pk": "nugqjskqmw1w9gj1xqyn1eojhtfkxj1x",
        "fields": {
            "session_data": ".eJxVjEEOwiAQRe_C2hBGyjh16d4zkIEBqRpISrsy3l2bdKHb_977L-V5XYpfe5r9JOqsANXhdwwcH6luRO5cb03HVpd5CnpT9E67vjZJz8vu_h0U7uVbB8xCCHZEI8LhRERDYiaQYxwIxeRgs3UuGDc6m0cLAEgGOTrJEAf1_gALtjfd:1t4d6E:6_eRC1rB-qx7itkNKgdi1onwaHoNRUqr9Gm2dxFKf1Q",
            "expire_date": "2024-11-09T09:28:46.547Z"
        }
    },
    {
        "model": "sessions.session",
        "pk": "sew78ul1y6195ch4auuipcdfkvb6ppuu",
        "fields": {
            "session_data": ".eJxVjEsOwiAUAO_C2hB-peDSfc9AHvCeVA0kpV0Z725IutDtzGTeLMCxl3B03MKa2ZVJxS6_MEJ6Yh0mP6DeG0-t7tsa-Uj4aTtfWsbX7Wz_BgV6GV8QwiUbadYERNYYmIzT4J1VQqOVxlg7I3ptMEUdQRFNBNI7kjpHyT5fA3g4NQ:1t4dEE:8uR9bHuVz7nWLb11cgAOjCaJSyWn4E-fhndxWQhOZUY",
            "expire_date": "2024-11-09T09:37:02.343Z"
        }
    },
    {
        "model": "sessions.session",
        "pk": "zkhdvstgmgue9ekjqwe67vvejv2453gj",
        "fields": {
            "session_data": ".eJxVjDEOwjAMAP-SGUVxSN3AyM4bIjs2pIBSqWknxN9RpA6w3p3ubRJta0lb0yVNYs4GwBx-IVN-au1GHlTvs81zXZeJbU_sbpu9zqKvy97-DQq10r8e8xhPFNWzDyMOnhFzCIqaQaIgx5uqiwigAoLijgLsQiQXhAZnPl_8vjf4:1t4dAU:NQq2CFhgEtNzea4dfzBiUMaV1_raaSx9xVK8wlgxNqA",
            "expire_date": "2024-11-09T09:33:10.575Z"
        }
    },
    {
        "model": "makanan.kategori",
        "pk": "0de708ca-38bc-442c-9fba-4f1532487eb4",
        "fields": {
            "nama": "Pembuka"
        }
    },
    {
        "model": "makanan.kategori",
        "pk": "375b10ea-f735-4554-947f-a2dc7af9eb50",
        "fields": {
            "nama": "Hidangan Utama"
        }
    },
    {
        "model": "makanan.kategori",
        "pk": "54b05aac-d7b9-432a-a86d-5c539178c351",
        "fields": {
            "nama": "Pencuci Mulut"
        }
    },
    {
        "model": "makanan.kategori",
        "pk": "68144744-c6df-4c7b-91b7-53515f35b3bb",
        "fields": {
            "nama": "Sup"
        }
    },
    {
        "model": "makanan.kategori",
        "pk": "6e3b4be7-179e-4233-a8b3-814701f734f0",
        "fields": {
            "nama": "Makanan Laut"
        }
    },
    {
        "model": "makanan.kategori",
        "pk": "8cf0b51a-6b3f-4053-b6b5-bcc5cf50ae11",
        "fields": {
            "nama": "Pasta dan Mie"
        }
    },
    {
        "model": "makanan.kategori",
        "pk": "a1b1c368-57c4-4b65-8539-15062f6a3659",
        "fields": {
            "nama": "Panggang dan Barbeku"
        }
    },
    {
        "model": "makanan.kategori",
        "pk": "cce8df66-fbbd-4f6c-97ff-414d9893d09e",
        "fields": {
            "nama": "Pilihan Vegetarian"
        }
    },
    {
        "model": "makanan.kategori",
        "pk": "d8eb2bc9-eafa-4159-a46f-2492f57032a0",
        "fields": {
            "nama": "Salad"
        }
    },
    {
        "model": "makanan.makanan",
        "pk": "52aad79b-167a-487b-8056-940cc3d0c0c2",
        "fields": {
            "nama": "Tsukune Nokke Sushi",
            "harga": "68000.00",
            "deskripsi": "Tsukune Nokke Sushi adalah hidangan sushi yang unik, menggabungkan bola daging ayam (tsukune) yang dibumbui dengan nasi sushi. Disajikan dengan saus tare yang manis dan hiasan wijen atau bawang hijau, hidangan ini menawarkan perpaduan rasa gurih dan tekstur yang kenyal, cocok sebagai camilan atau hidangan utama.",
            "gambar": "https://raw.githubusercontent.com/D02-PBP-2024/mediafiles/refs/heads/main/gambar_makanan/691d850c-dd91-4ee9-b7b0-0f921c9ba780.jpg",
            "kalori": 80,
            "restoran": "130561a8-c4d5-4b8e-ba5c-a36deeafd14d",
            "kategori": [
                "0de708ca-38bc-442c-9fba-4f1532487eb4"
            ]
        }
    },
    {
        "model": "makanan.makanan",
        "pk": "0c174f6a-f814-45da-bc40-bc47aa5fd3d2",
        "fields": {
            "nama": "Choco Orenji Taruto",
            "harga": "39000.00",
            "deskripsi": "Choco Orenji Taruto adalah dessert lezat yang menggabungkan rasa cokelat yang kaya dengan aroma jeruk yang segar. Hidangan ini disajikan dalam bentuk kue tar yang lembut, dilapisi dengan krim manis, sempurna untuk memanjakan lidah Anda.",
            "gambar": "https://raw.githubusercontent.com/D02-PBP-2024/mediafiles/refs/heads/main/gambar_makanan/60c0304d-2938-445b-b213-189927d78a3b.jpg",
            "kalori": 250,
            "restoran": "130561a8-c4d5-4b8e-ba5c-a36deeafd14d",
            "kategori": [
                "54b05aac-d7b9-432a-a86d-5c539178c351"
            ]
        }
    },
    {
        "model": "makanan.makanan",
        "pk": "05a985d4-db3c-4faa-80b9-cf9024d761f1",
        "fields": {
            "nama": "Salmon Katsu Curry",
            "harga": "69000.00",
            "deskripsi": "Salmon Katsu Curry adalah paduan sempurna antara salmon yang digoreng crispy dan saus kari yang kaya rempah. Hidangan ini disajikan dengan nasi hangat, menjadikannya pilihan yang memuaskan untuk pecinta makanan Jepang.",
            "gambar": "https://raw.githubusercontent.com/D02-PBP-2024/mediafiles/refs/heads/main/gambar_makanan/60ea27b6-f07f-4144-9d02-fd3dc7f208e6.jpg",
            "kalori": 500,
            "restoran": "130561a8-c4d5-4b8e-ba5c-a36deeafd14d",
            "kategori": [
                "375b10ea-f735-4554-947f-a2dc7af9eb50"
            ]
        }
    },
    {
        "model": "makanan.makanan",
        "pk": "1ca549ce-0bcc-47e6-9f18-e42b245cbb05",
        "fields": {
            "nama": "Salmon Karamayo Tamago",
            "harga": "32000.00",
            "deskripsi": "Salmon Karamayo Tamago adalah hidangan yang memadukan salmon yang lembut dengan telur dadar Jepang yang fluffy dan saus karamayo. Hidangan ini menyajikan rasa yang creamy dan memuaskan, cocok untuk brunch.",
            "gambar": "https://raw.githubusercontent.com/D02-PBP-2024/mediafiles/refs/heads/main/gambar_makanan/80c45049-f1ec-4c5f-81eb-d83f2ac7fa4e.jpg",
            "kalori": 300,
            "restoran": "130561a8-c4d5-4b8e-ba5c-a36deeafd14d",
            "kategori": [
                "375b10ea-f735-4554-947f-a2dc7af9eb50"
            ]
        }
    },
    {
        "model": "makanan.makanan",
        "pk": "fb837090-876e-41e0-8224-d75ae5ad219a",
        "fields": {
            "nama": "Wakame Salad",
            "harga": "61000.00",
            "deskripsi": "Wakame Salad adalah salad segar yang terbuat dari rumput laut wakame, dicampur dengan sayuran segar dan dressing khusus. Hidangan ini menawarkan rasa umami yang lezat, serta kaya akan nutrisi.",
            "gambar": "https://raw.githubusercontent.com/D02-PBP-2024/mediafiles/refs/heads/main/gambar_makanan/4a745734-4d9b-493b-a629-65d06f9cb2af.jpg",
            "kalori": 150,
            "restoran": "130561a8-c4d5-4b8e-ba5c-a36deeafd14d",
            "kategori": [
                "d8eb2bc9-eafa-4159-a46f-2492f57032a0",
                "cce8df66-fbbd-4f6c-97ff-414d9893d09e"
            ]
        }
    },
    {
        "model": "minuman.minuman",
        "pk": "052e46d2-d529-4f15-a912-6e57dfdf758c",
        "fields": {
            "nama": "Boba",
            "harga": "35000.00",
            "deskripsi": "Boba yang kenyal dan lezat, disajikan dalam minuman segar dengan berbagai pilihan rasa, seperti teh, susu, atau buah. Menawarkan pengalaman tekstur yang unik dan menyenangkan di setiap tegukan. Cocok untuk dinikmati kapan saja, baik sebagai camilan atau minuman menyegarkan.",
            "gambar": "https://raw.githubusercontent.com/D02-PBP-2024/mediafiles/refs/heads/main/gambar_minuman/9fdf8667-faf3-4413-b01d-219ac847cf07.jpg",
            "ukuran": "BESAR",
            "tingkat_kemanisan": 100,
            "restoran": "130561a8-c4d5-4b8e-ba5c-a36deeafd14d"
        }
    },
    {
        "model": "minuman.minuman",
        "pk": "0ab80693-d52f-4db2-a71b-a5016a4fc079",
        "fields": {
            "nama": "Jus Jambu",
            "harga": "15000.00",
            "deskripsi": "Jus jambu segar dengan rasa manis alami dan kaya akan vitamin C, menghadirkan kesegaran buah asli di setiap tegukan. Cocok untuk dinikmati kapan saja sebagai pilihan sehat yang menyegarkan.",
            "gambar": "https://raw.githubusercontent.com/D02-PBP-2024/mediafiles/refs/heads/main/gambar_minuman/5bbfa325-0ce2-4bfa-b2d7-26ca59d40fce.jpg",
            "ukuran": "SEDANG",
            "tingkat_kemanisan": 50,
            "restoran": "0cc904b9-6003-48f1-a237-6b9a709ed6ae"
        }
    },
    {
        "model": "minuman.minuman",
        "pk": "0e80e998-7083-45e1-a058-1359d6240238",
        "fields": {
            "nama": "Es Taro",
            "harga": "22000.00",
            "deskripsi": "Es Taro adalah minuman menyegarkan yang terbuat dari campuran susu dan pasta taro, memberikan rasa manis dan nutty yang khas. Disajikan dengan es serut, minuman ini biasanya memiliki warna ungu yang menarik dan seringkali dihiasi dengan bola tapioka atau jeli untuk menambah tekstur.",
            "gambar": "https://raw.githubusercontent.com/D02-PBP-2024/mediafiles/refs/heads/main/gambar_minuman/4e50ddc3-8c6b-468c-bcb4-2751d1bab8de.jpg",
            "ukuran": "SEDANG",
            "tingkat_kemanisan": 70,
            "restoran": "d12c22ba-78d1-48a4-be85-ce804ae28b75"
        }
    },
    {
        "model": "minuman.minuman",
        "pk": "12dda877-cc8a-41fb-a149-456ff8b460ea",
        "fields": {
            "nama": "Jus Melon",
            "harga": "18000.00",
            "deskripsi": "Jus melon adalah minuman segar yang terbuat dari daging buah melon yang juicy, memberikan rasa manis dan lembut. Menyegarkan dan kaya akan air, jus ini sangat ideal untuk menghidrasi tubuh.",
            "gambar": "https://raw.githubusercontent.com/D02-PBP-2024/mediafiles/refs/heads/main/gambar_minuman/c2ec83bc-7105-4fa8-9af6-0d79220de5c2.jpg",
            "ukuran": "SEDANG",
            "tingkat_kemanisan": 65,
            "restoran": "a9b8eff7-f3c4-4d66-ae28-afef240b0960"
        }
    },
    {
        "model": "minuman.minuman",
        "pk": "15ab26f7-618a-404b-8d21-8d153a49c93c",
        "fields": {
            "nama": "Oreo Shake",
            "harga": "30000.00",
            "deskripsi": "Oreo Shake adalah minuman kental dan creamy yang terbuat dari es krim vanila, susu, dan biskuit Oreo yang dihancurkan, memberikan rasa cokelat yang kaya dan tekstur yang menggoda.",
            "gambar": "https://raw.githubusercontent.com/D02-PBP-2024/mediafiles/refs/heads/main/gambar_minuman/26214ee4-01cb-4aa5-85e9-11f65f76d08b.jpg",
            "ukuran": "SEDANG",
            "tingkat_kemanisan": 80,
            "restoran": "bfb5f51b-9dec-4269-a42f-d94753b6a2c4"
        }
    },
    {
        "model": "minuman.minuman",
        "pk": "1aba418e-eb37-44a1-8aff-dfd927420806",
        "fields": {
            "nama": "Sparkling Water",
            "harga": "20000.00",
            "deskripsi": "Sparkling water adalah air mineral yang mengandung karbonasi, memberikan sensasi gelembung dan rasa segar. Tanpa tambahan gula atau kalori, sparkling water adalah pilihan yang menyegarkan dan sehat untuk hidrasi, cocok dinikmati sendiri atau sebagai pelengkap berbagai hidangan.",
            "gambar": "https://raw.githubusercontent.com/D02-PBP-2024/mediafiles/refs/heads/main/gambar_minuman/88484da4-8ac0-4a97-a593-5ce026aa4b73.jpg",
            "ukuran": "SEDANG",
            "tingkat_kemanisan": 4,
            "restoran": "f000d91a-908f-46b6-8dc0-c5e7a370aae1"
        }
    },
    {
        "model": "minuman.minuman",
        "pk": "1ec10a74-e8d8-44f2-be63-5b5aedc49704",
        "fields": {
            "nama": "Es Kopi Aren",
            "harga": "15000.00",
            "deskripsi": "Es Kopi Aren adalah minuman segar yang terbuat dari kopi yang diseduh dengan gula aren, memberikan rasa manis yang khas dan aromatik. Disajikan dengan es, minuman ini sempurna untuk dinikmati saat cuaca panas, menawarkan kombinasi rasa pahit dari kopi dan manisnya gula aren.",
            "gambar": "https://raw.githubusercontent.com/D02-PBP-2024/mediafiles/refs/heads/main/gambar_minuman/fe3f2cb0-fba9-455b-bac6-024c3c1cff1a.jpg",
            "ukuran": "KECIL",
            "tingkat_kemanisan": 50,
            "restoran": "d12c22ba-78d1-48a4-be85-ce804ae28b75"
        }
    },
    {
        "model": "minuman.minuman",
        "pk": "222135fd-a34c-4fea-9119-4c5801a00514",
        "fields": {
            "nama": "Jus Semangka",
            "harga": "17000.00",
            "deskripsi": "Jus semangka segar yang menyegarkan, diolah dari buah semangka matang yang manis dan juicy. Setiap tegukan menghadirkan rasa alami yang ringan dan menyegarkan, sempurna untuk menghilangkan dahaga. Cocok dinikmati kapan saja, terutama di hari-hari panas.",
            "gambar": "https://raw.githubusercontent.com/D02-PBP-2024/mediafiles/refs/heads/main/gambar_minuman/c550a0cb-0e36-44f4-9023-b1924206dfe9.jpg",
            "ukuran": "SEDANG",
            "tingkat_kemanisan": 60,
            "restoran": "11914408-27e7-4e7f-b608-ddbcd858df4a"
        }
    },
    {
        "model": "minuman.minuman",
        "pk": "37ee665c-9499-4a26-967c-412d7bf14392",
        "fields": {
            "nama": "Jahe Susu",
            "harga": "10000.00",
            "deskripsi": "Jahe susu adalah minuman hangat yang menggabungkan rasa pedas jahe segar dengan kelembutan susu. Minuman ini tidak hanya memberikan kehangatan, tetapi juga menawarkan manfaat kesehatan, seperti meningkatkan sistem imun dan meredakan pencernaan. Cocok dinikmati kapan saja, terutama saat cuaca dingin.",
            "gambar": "https://raw.githubusercontent.com/D02-PBP-2024/mediafiles/refs/heads/main/gambar_minuman/ad8c0ff7-09c9-42a5-b547-7442fe19ed8e.jpg",
            "ukuran": "KECIL",
            "tingkat_kemanisan": 15,
            "restoran": "f000d91a-908f-46b6-8dc0-c5e7a370aae1"
        }
    },
    {
        "model": "minuman.minuman",
        "pk": "39fe9470-eb40-4640-9a33-19eada07edd6",
        "fields": {
            "nama": "Teh Tawar",
            "harga": "8000.00",
            "deskripsi": "Teh tawar adalah minuman sederhana yang diseduh dari daun teh tanpa tambahan gula atau pemanis. Nikmati keaslian dan rasa alami teh yang segar dan menyehatkan.",
            "gambar": "https://raw.githubusercontent.com/D02-PBP-2024/mediafiles/refs/heads/main/gambar_minuman/d59c9e10-ed9d-469b-8ca6-af12f5ef0ee2.jpg",
            "ukuran": "SEDANG",
            "tingkat_kemanisan": 0,
            "restoran": "a9b8eff7-f3c4-4d66-ae28-afef240b0960"
        }
    },
    {
        "model": "minuman.minuman",
        "pk": "42cfcfb7-aebd-48bc-9428-c19435a59f90",
        "fields": {
            "nama": "Cokelat Panas",
            "harga": "30000.00",
            "deskripsi": "Cokelat panas yang kaya dan creamy, disiapkan dari cokelat berkualitas tinggi untuk memberikan rasa manis yang menggugah selera. Menawarkan kehangatan yang memanjakan, cocok dinikmati di saat santai atau sebagai pelengkap waktu bersantai. Sempurna untuk menghangatkan suasana di hari yang dingin.",
            "gambar": "https://raw.githubusercontent.com/D02-PBP-2024/mediafiles/refs/heads/main/gambar_minuman/31759e52-02e5-4e7e-9b04-582e92a18aaa.jpg",
            "ukuran": "KECIL",
            "tingkat_kemanisan": 50,
            "restoran": "40d5a0f4-362c-453b-8d67-2813fc459cf2"
        }
    },
    {
        "model": "minuman.minuman",
        "pk": "51a7c5b1-16d8-4976-bf56-39f364ede0cb",
        "fields": {
            "nama": "Lemon Mint",
            "harga": "28000.00",
            "deskripsi": "Lemon Mint adalah minuman menyegarkan yang menggabungkan perasan lemon segar dengan daun mint yang aromatik. Kombinasi asam dan segar ini memberikan sensasi dingin yang sempurna, cocok untuk dinikmati di hari panas.",
            "gambar": "https://raw.githubusercontent.com/D02-PBP-2024/mediafiles/refs/heads/main/gambar_minuman/2b836ffb-b627-4151-9f5d-abc766264089.jpg",
            "ukuran": "SEDANG",
            "tingkat_kemanisan": 15,
            "restoran": "e9e54d55-1361-4e83-b880-aa7852ef16f8"
        }
    },
    {
        "model": "minuman.minuman",
        "pk": "5d3444b4-422b-4fdc-a764-2a7d87863537",
        "fields": {
            "nama": "Es Teh Leci",
            "harga": "30000.00",
            "deskripsi": "Es teh leci yang menyegarkan, terbuat dari campuran teh yang diseduh dengan manisnya buah leci. Setiap tegukan menawarkan perpaduan rasa teh yang ringan dan aroma buah leci yang khas. Ideal untuk dinikmati di hari yang panas sebagai pilihan minuman yang menyegarkan.",
            "gambar": "https://raw.githubusercontent.com/D02-PBP-2024/mediafiles/refs/heads/main/gambar_minuman/d80b7dc9-cd8e-42ce-8d1a-135de40b2322.jpg",
            "ukuran": "SEDANG",
            "tingkat_kemanisan": 80,
            "restoran": "130561a8-c4d5-4b8e-ba5c-a36deeafd14d"
        }
    },
    {
        "model": "minuman.minuman",
        "pk": "5e9dfba1-f9a8-4c4c-a4d8-44b5fb1a6714",
        "fields": {
            "nama": "Caramel Latte",
            "harga": "18000.00",
            "deskripsi": "Caramel Latte adalah minuman kopi yang lembut dan manis, terbuat dari espresso yang dicampur dengan susu panas dan sirup karamel. Dihiasi dengan krim kocok dan drizzle karamel di atasnya, minuman ini menyajikan perpaduan rasa kopi yang kaya dengan sentuhan manis yang memanjakan lidah.",
            "gambar": "https://raw.githubusercontent.com/D02-PBP-2024/mediafiles/refs/heads/main/gambar_minuman/a23c8c47-2940-4b84-bae3-28ac5684fd66.jpg",
            "ukuran": "SEDANG",
            "tingkat_kemanisan": 80,
            "restoran": "d12c22ba-78d1-48a4-be85-ce804ae28b75"
        }
    },
    {
        "model": "minuman.minuman",
        "pk": "664b0562-44be-4f87-bf5d-c335b654217b",
        "fields": {
            "nama": "Green Apple Mojito",
            "harga": "27000.00",
            "deskripsi": "Green Apple Mojito adalah minuman segar yang menggabungkan rasa asam dari apel hijau dengan mint, limau, dan soda. Minuman ini menawarkan perpaduan rasa yang menyegarkan dan aromatik, sempurna untuk dinikmati di hari yang panas. Dihiasi dengan potongan apel dan daun mint, Green Apple Mojito menjadi pilihan yang menarik dan menggugah selera.",
            "gambar": "https://raw.githubusercontent.com/D02-PBP-2024/mediafiles/refs/heads/main/gambar_minuman/fd21d6dd-ee3b-4f9e-9a38-c2d72d2e4207.jpg",
            "ukuran": "SEDANG",
            "tingkat_kemanisan": 68,
            "restoran": "bfb5f51b-9dec-4269-a42f-d94753b6a2c4"
        }
    },
    {
        "model": "minuman.minuman",
        "pk": "74ce6f4a-d27c-4159-bc01-ec940045e76d",
        "fields": {
            "nama": "Jamu",
            "harga": "10000.00",
            "deskripsi": "Jamu tradisional yang menyegarkan, terbuat dari ramuan alami pilihan dengan berbagai manfaat kesehatan. Setiap tegukan menghadirkan rasa yang unik dan kaya akan rempah-rempah, memberikan kehangatan dan revitalisasi. Cocok untuk mendukung kesehatan dan kebugaran sehari-hari dengan sentuhan tradisional.",
            "gambar": "https://raw.githubusercontent.com/D02-PBP-2024/mediafiles/refs/heads/main/gambar_minuman/242ca308-cc7d-4c3b-b9ab-5803a438f446.jpg",
            "ukuran": "KECIL",
            "tingkat_kemanisan": 10,
            "restoran": "614d6b91-743f-45e4-9b8c-7a0de583bd30"
        }
    },
    {
        "model": "minuman.minuman",
        "pk": "78c8a3e7-1903-4a17-b13e-144269714cdc",
        "fields": {
            "nama": "Jus Markisa",
            "harga": "25000.00",
            "deskripsi": "Jus Markisa segar dan alami, dibuat dari buah markisa pilihan yang matang sempurna. Rasanya manis dengan sentuhan asam yang menyegarkan, kaya akan vitamin C dan antioksidan alami. Minuman ini cocok untuk dinikmati dingin, memberikan kesegaran instan yang pas untuk melepas dahaga dan menambah energi sepanjang hari.",
            "gambar": "https://raw.githubusercontent.com/D02-PBP-2024/mediafiles/refs/heads/main/gambar_minuman/201d04db-8c92-4c9a-9308-f104096163f8.jpg",
            "ukuran": "SEDANG",
            "tingkat_kemanisan": 15,
            "restoran": "f000d91a-908f-46b6-8dc0-c5e7a370aae1"
        }
    },
    {
        "model": "minuman.minuman",
        "pk": "7d3430b9-677c-4d2c-9495-96f20a818cf2",
        "fields": {
            "nama": "Air Mineral",
            "harga": "3000.00",
            "deskripsi": "Air mineral alami dari sumber pilihan, diproses secara hati-hati untuk menjaga kesegarannya. Memberikan hidrasi yang murni dan ringan, cocok untuk keseharian Anda. Nikmati kualitas air yang alami di setiap tegukan.",
            "gambar": "https://raw.githubusercontent.com/D02-PBP-2024/mediafiles/refs/heads/main/gambar_minuman/dfa84cea-108c-4632-bc1f-7ba1e956a0ac.jpg",
            "ukuran": "SEDANG",
            "tingkat_kemanisan": 0,
            "restoran": "0cc904b9-6003-48f1-a237-6b9a709ed6ae"
        }
    },
    {
        "model": "minuman.minuman",
        "pk": "8765660b-61e7-42c1-8805-10ec07b18112",
        "fields": {
            "nama": "Es Cincau",
            "harga": "30000.00",
            "deskripsi": "Es cincau yang menyegarkan, terbuat dari cincau hitam yang kenyal dan disajikan dengan sirup manis serta santan. Menawarkan kombinasi rasa manis dan gurih dalam setiap suapan, ideal untuk melepas dahaga. Cocok dinikmati di hari panas sebagai pencuci mulut yang klasik.",
            "gambar": "https://raw.githubusercontent.com/D02-PBP-2024/mediafiles/refs/heads/main/gambar_minuman/8591a720-f123-484b-9ca2-179c2ef8fdbf.jpg",
            "ukuran": "SEDANG",
            "tingkat_kemanisan": 85,
            "restoran": "40d5a0f4-362c-453b-8d67-2813fc459cf2"
        }
    },
    {
        "model": "minuman.minuman",
        "pk": "8dd7f632-5854-4deb-8c4a-ae64dd3a7181",
        "fields": {
            "nama": "Jus Buah Naga",
            "harga": "25000.00",
            "deskripsi": "Jus Buah Naga adalah minuman sehat yang terbuat dari daging buah naga yang berwarna cerah dan kaya akan antioksidan. Rasanya manis dan sedikit segar, dengan tekstur lembut, menjadikannya pilihan yang sempurna untuk menyegarkan diri.",
            "gambar": "https://raw.githubusercontent.com/D02-PBP-2024/mediafiles/refs/heads/main/gambar_minuman/b739a237-61ab-47cb-888e-b660f2c8e80d.jpg",
            "ukuran": "SEDANG",
            "tingkat_kemanisan": 20,
            "restoran": "d12c22ba-78d1-48a4-be85-ce804ae28b75"
        }
    },
    {
        "model": "minuman.minuman",
        "pk": "8f334088-8caf-4bc7-a0d1-180fc66c1212",
        "fields": {
            "nama": "Kopi Tubruk",
            "harga": "20000.00",
            "deskripsi": "Kopi Tubruk adalah kopi khas Indonesia yang disajikan dengan cara menyeduh bubuk kopi kasar langsung dengan air panas, tanpa penyaringan. Minuman ini memiliki cita rasa yang kuat dan aroma yang khas, sering kali disajikan dengan gula sesuai selera.",
            "gambar": "https://raw.githubusercontent.com/D02-PBP-2024/mediafiles/refs/heads/main/gambar_minuman/d62b61fd-a70e-498b-a914-2d9b7f3481bc.jpg",
            "ukuran": "SEDANG",
            "tingkat_kemanisan": 15,
            "restoran": "e9e54d55-1361-4e83-b880-aa7852ef16f8"
        }
    },
    {
        "model": "minuman.minuman",
        "pk": "8fd2b4e6-b606-4919-9aad-596494bef3c6",
        "fields": {
            "nama": "Es Kacang Merah",
            "harga": "25000.00",
            "deskripsi": "Es kacang merah yang manis dan menyegarkan, terbuat dari kacang merah yang dimasak lembut dan disajikan dengan santan serta gula merah. Nikmati kombinasi rasa manis dan gurih dalam hidangan yang klasik dan menyenangkan ini. Sempurna untuk melepas dahaga dan memberikan energi di hari yang panas.",
            "gambar": "https://raw.githubusercontent.com/D02-PBP-2024/mediafiles/refs/heads/main/gambar_minuman/c3c09789-4aec-491f-a8fb-70393be9ec28.jpg",
            "ukuran": "SEDANG",
            "tingkat_kemanisan": 100,
            "restoran": "11914408-27e7-4e7f-b608-ddbcd858df4a"
        }
    },
    {
        "model": "minuman.minuman",
        "pk": "91107c52-cb65-420b-b2c2-9339b1b07a63",
        "fields": {
            "nama": "Jus Alpukat",
            "harga": "15000.00",
            "deskripsi": "Jus alpukat yang lembut dan kaya rasa, diolah dari buah segar untuk memberikan tekstur creamy dan nutrisi alami. Kaya akan serat dan lemak sehat, cocok dinikmati kapan saja sebagai minuman lezat yang mengenyangkan.",
            "gambar": "https://raw.githubusercontent.com/D02-PBP-2024/mediafiles/refs/heads/main/gambar_minuman/cbdcfcd8-f2c7-447e-b662-db15f117b90e.jpg",
            "ukuran": "SEDANG",
            "tingkat_kemanisan": 75,
            "restoran": "0cc904b9-6003-48f1-a237-6b9a709ed6ae"
        }
    },
    {
        "model": "minuman.minuman",
        "pk": "9f01804c-c0c0-4f72-ad82-3b3e311ecf6d",
        "fields": {
            "nama": "Chocolate Milkshake",
            "harga": "35000.00",
            "deskripsi": "Chocolate Milkshake adalah minuman kental dan creamy yang terbuat dari campuran es krim cokelat, susu, dan cokelat cair atau bubuk. Dengan rasa cokelat yang kaya dan tekstur yang lembut, minuman ini adalah pilihan sempurna untuk pencinta cokelat.",
            "gambar": "https://raw.githubusercontent.com/D02-PBP-2024/mediafiles/refs/heads/main/gambar_minuman/56fba81a-c453-46d4-9ff5-69552f8118e8.jpg",
            "ukuran": "SEDANG",
            "tingkat_kemanisan": 98,
            "restoran": "e9e54d55-1361-4e83-b880-aa7852ef16f8"
        }
    },
    {
        "model": "minuman.minuman",
        "pk": "a02e7d30-6c97-4cd5-9059-7c805dc02de6",
        "fields": {
            "nama": "Jus Jeruk",
            "harga": "15000.00",
            "deskripsi": "Jus jeruk segar yang manis dan asam, diolah dari jeruk pilihan yang kaya akan vitamin C. Setiap tegukan memberikan rasa segar yang menyegarkan dan membantu meningkatkan daya tahan tubuh. Cocok untuk dinikmati kapan saja sebagai minuman sehat yang menyegarkan.",
            "gambar": "https://raw.githubusercontent.com/D02-PBP-2024/mediafiles/refs/heads/main/gambar_minuman/86f56577-8cf8-4263-9dc3-397dcf8a32c5.jpg",
            "ukuran": "SEDANG",
            "tingkat_kemanisan": 2,
            "restoran": "614d6b91-743f-45e4-9b8c-7a0de583bd30"
        }
    },
    {
        "model": "minuman.minuman",
        "pk": "a076f1e4-4c41-4a8e-9a8a-a756a578c8e8",
        "fields": {
            "nama": "Jus Kiwi",
            "harga": "25000.00",
            "deskripsi": "Jus kiwi segar dengan rasa asam manis yang menggoda, diolah dari buah kiwi matang yang penuh nutrisi. Setiap tegukan menghadirkan kesegaran dan kebaikan vitamin C alami. Sempurna untuk melepas dahaga dan memberikan energi di sepanjang hari.",
            "gambar": "https://raw.githubusercontent.com/D02-PBP-2024/mediafiles/refs/heads/main/gambar_minuman/a4d94d2d-71c8-479a-abde-cbede05d053b.jpg",
            "ukuran": "KECIL",
            "tingkat_kemanisan": 50,
            "restoran": "130561a8-c4d5-4b8e-ba5c-a36deeafd14d"
        }
    },
    {
        "model": "minuman.minuman",
        "pk": "ab20f83c-4f60-41b1-893d-5f20dc8015cf",
        "fields": {
            "nama": "Green tea Latte",
            "harga": "30000.00",
            "deskripsi": "Green Tea Latte adalah minuman kopi yang creamy dan menyegarkan, terbuat dari campuran bubuk teh hijau matcha dan susu. Minuman ini memiliki aroma teh yang khas dan memberikan rasa manis yang lembut, cocok untuk dinikmati kapan saja.",
            "gambar": "https://raw.githubusercontent.com/D02-PBP-2024/mediafiles/refs/heads/main/gambar_minuman/404f8967-9984-495c-99aa-3eed650c3b6c.jpg",
            "ukuran": "BESAR",
            "tingkat_kemanisan": 50,
            "restoran": "e9e54d55-1361-4e83-b880-aa7852ef16f8"
        }
    },
    {
        "model": "minuman.minuman",
        "pk": "acb82e1d-2fc1-44c7-9acb-978a3365b417",
        "fields": {
            "nama": "Blue Lagoon",
            "harga": "27000.00",
            "deskripsi": "Blue Lagoon adalah minuman menyegarkan yang terbuat dari campuran jus lemon, sirup blue curaçao (atau pewarna makanan biru), dan soda, menciptakan warna biru cerah yang menawan. Minuman ini sering dihiasi dengan irisan lemon atau cherry, memberikan rasa manis dan asam yang seimbang, sempurna untuk dinikmati di cuaca panas.",
            "gambar": "https://raw.githubusercontent.com/D02-PBP-2024/mediafiles/refs/heads/main/gambar_minuman/93807dd0-c7df-475e-a74f-30399d02d9d9.jpg",
            "ukuran": "SEDANG",
            "tingkat_kemanisan": 75,
            "restoran": "bfb5f51b-9dec-4269-a42f-d94753b6a2c4"
        }
    },
    {
        "model": "minuman.minuman",
        "pk": "ad654488-af58-4d8b-9871-0c9a6e18aed2",
        "fields": {
            "nama": "Cappuccino",
            "harga": "25000.00",
            "deskripsi": "Cappuccino yang creamy dan kaya rasa, terbuat dari espresso berkualitas tinggi, susu steamed, dan foam susu yang lembut. Setiap tegukan menawarkan perpaduan sempurna antara kehangatan kopi dan tekstur yang velvety. Cocok untuk dinikmati kapan saja, baik sebagai teman pagi atau sore yang santai.",
            "gambar": "https://raw.githubusercontent.com/D02-PBP-2024/mediafiles/refs/heads/main/gambar_minuman/ff6e53a6-6d7b-4c5f-8af1-8e3120b606d0.jpg",
            "ukuran": "SEDANG",
            "tingkat_kemanisan": 0,
            "restoran": "130561a8-c4d5-4b8e-ba5c-a36deeafd14d"
        }
    },
    {
        "model": "minuman.minuman",
        "pk": "ad8c66e8-160b-4c1a-aa4f-fbf288f6ca12",
        "fields": {
            "nama": "Lemon Tea",
            "harga": "15000.00",
            "deskripsi": "Lemon Tea adalah minuman segar yang terbuat dari teh yang dicampur dengan jus lemon segar. Dikenal karena rasanya yang asam dan menyegarkan, lemon tea bisa disajikan panas atau dingin, ideal untuk menghilangkan dahaga dan meningkatkan kesehatan.",
            "gambar": "https://raw.githubusercontent.com/D02-PBP-2024/mediafiles/refs/heads/main/gambar_minuman/f105e3d0-5865-42e9-9bc6-cf592a6359b6.jpg",
            "ukuran": "SEDANG",
            "tingkat_kemanisan": 50,
            "restoran": "f000d91a-908f-46b6-8dc0-c5e7a370aae1"
        }
    },
    {
        "model": "minuman.minuman",
        "pk": "b475762d-b34a-4921-a67f-89779480c9d9",
        "fields": {
            "nama": "Jus Wortel",
            "harga": "17000.00",
            "deskripsi": "Jus wortel adalah minuman segar yang kaya vitamin A, terbuat dari wortel segar yang diperas, memberikan rasa manis alami dan warna oranye cerah.",
            "gambar": "https://raw.githubusercontent.com/D02-PBP-2024/mediafiles/refs/heads/main/gambar_minuman/11283497-4fe0-4ac9-b0a6-a4c9d8623b3f.jpg",
            "ukuran": "SEDANG",
            "tingkat_kemanisan": 65,
            "restoran": "a9b8eff7-f3c4-4d66-ae28-afef240b0960"
        }
    },
    {
        "model": "minuman.minuman",
        "pk": "bda0187b-7e38-47d2-852f-fb8cb92aef5a",
        "fields": {
            "nama": "Es Cendol",
            "harga": "10000.00",
            "deskripsi": "Es cendol segar dengan aroma pandan yang khas, disajikan dengan santan gurih dan gula merah alami. Nikmati manisnya cendol kenyal dan santan yang lembut dalam minuman tradisional yang menyegarkan ini. Cocok untuk melepas dahaga di hari yang panas.",
            "gambar": "https://raw.githubusercontent.com/D02-PBP-2024/mediafiles/refs/heads/main/gambar_minuman/f1b25e3d-50ca-4000-a159-3171836fde23.jpg",
            "ukuran": "KECIL",
            "tingkat_kemanisan": 100,
            "restoran": "0cc904b9-6003-48f1-a237-6b9a709ed6ae"
        }
    },
    {
        "model": "minuman.minuman",
        "pk": "bfd1467b-13dc-421e-b4b3-b73a515227fc",
        "fields": {
            "nama": "Es Teler",
            "harga": "25000.00",
            "deskripsi": "Es teler yang menyegarkan, terbuat dari campuran buah segar seperti alpukat, nangka, dan kelapa muda, disiram dengan santan dan sirup manis. Nikmati perpaduan rasa manis, creamy, dan tekstur kenyal dalam hidangan pencuci mulut yang klasik ini. Ideal untuk menemani hari yang panas dan melepas dahaga.",
            "gambar": "https://raw.githubusercontent.com/D02-PBP-2024/mediafiles/refs/heads/main/gambar_minuman/f625a53d-d917-43ec-aeb2-77885d9e578e.jpg",
            "ukuran": "SEDANG",
            "tingkat_kemanisan": 100,
            "restoran": "11914408-27e7-4e7f-b608-ddbcd858df4a"
        }
    },
    {
        "model": "minuman.minuman",
        "pk": "c129ddff-8b21-4cb2-8452-6949dcf3da85",
        "fields": {
            "nama": "Thai Tea",
            "harga": "15000.00",
            "deskripsi": "Thai Tea adalah minuman teh khas Thailand yang terbuat dari teh hitam, rempah-rempah, dan susu. Disajikan dingin atau panas, Thai Tea memiliki warna oranye cerah dan rasa manis yang kaya, menjadikannya pilihan menyegarkan yang populer.",
            "gambar": "https://raw.githubusercontent.com/D02-PBP-2024/mediafiles/refs/heads/main/gambar_minuman/0fc8cb9b-adb5-43ba-a26d-c9c28978db39.jpg",
            "ukuran": "SEDANG",
            "tingkat_kemanisan": 80,
            "restoran": "f000d91a-908f-46b6-8dc0-c5e7a370aae1"
        }
    },
    {
        "model": "minuman.minuman",
        "pk": "c14776c2-b645-4ae4-9e54-5243b9df03b5",
        "fields": {
            "nama": "Susu Segar",
            "harga": "15000.00",
            "deskripsi": "Susu segar yang kaya dan creamy, dihasilkan dari sapi yang dirawat dengan baik dan diberi pakan alami. Menawarkan rasa yang murni dan menyegarkan, penuh dengan nutrisi penting seperti kalsium dan protein. Cocok dinikmati sendiri atau sebagai pelengkap dalam berbagai resep.",
            "gambar": "https://raw.githubusercontent.com/D02-PBP-2024/mediafiles/refs/heads/main/gambar_minuman/11a81742-2d12-4ae1-8367-4a79e742984b.jpg",
            "ukuran": "SEDANG",
            "tingkat_kemanisan": 25,
            "restoran": "614d6b91-743f-45e4-9b8c-7a0de583bd30"
        }
    },
    {
        "model": "minuman.minuman",
        "pk": "c3bc8d47-ed32-49a9-a5a3-f556fc8f6560",
        "fields": {
            "nama": "Es Kelapa Muda",
            "harga": "20000.00",
            "deskripsi": "Es kelapa muda yang menyegarkan, disajikan dengan daging kelapa muda yang lembut dan air kelapa alami. Menawarkan rasa manis dan gurih yang menyegarkan, sempurna untuk menghilangkan dahaga di hari panas. Nikmati kesegaran tropis ini sebagai pilihan sehat untuk melepas dahaga.",
            "gambar": "https://raw.githubusercontent.com/D02-PBP-2024/mediafiles/refs/heads/main/gambar_minuman/fb369f39-0e8f-4713-964a-8fd439545b72.jpg",
            "ukuran": "BESAR",
            "tingkat_kemanisan": 20,
            "restoran": "614d6b91-743f-45e4-9b8c-7a0de583bd30"
        }
    },
    {
        "model": "minuman.minuman",
        "pk": "c4e63738-9169-4a8e-861e-bfe1f32165b6",
        "fields": {
            "nama": "Strawberry Mojito",
            "harga": "27000.00",
            "deskripsi": "Strawberry Mojito adalah minuman segar yang memadukan stroberi manis, daun mint, dan perasan limau, disajikan dengan soda berkarbonasi. Cocok untuk menyegarkan di hari panas.",
            "gambar": "https://raw.githubusercontent.com/D02-PBP-2024/mediafiles/refs/heads/main/gambar_minuman/c3058739-9cfe-415f-9316-7fc191562935.jpg",
            "ukuran": "SEDANG",
            "tingkat_kemanisan": 60,
            "restoran": "bfb5f51b-9dec-4269-a42f-d94753b6a2c4"
        }
    },
    {
        "model": "minuman.minuman",
        "pk": "c522b890-3cb2-48d1-8994-75ed7535d61e",
        "fields": {
            "nama": "Kopi Hitam",
            "harga": "18000.00",
            "deskripsi": "Kopi hitam yang kaya aroma dan cita rasa, diseduh dari biji kopi pilihan yang berkualitas. Menawarkan kenikmatan sejati dengan setiap tegukan yang pekat dan berkarakter. Sempurna untuk memulai hari atau sebagai teman di waktu santai.",
            "gambar": "https://raw.githubusercontent.com/D02-PBP-2024/mediafiles/refs/heads/main/gambar_minuman/187c55ec-cf26-4fcb-806c-f2e80bc15c68.jpg",
            "ukuran": "KECIL",
            "tingkat_kemanisan": 0,
            "restoran": "11914408-27e7-4e7f-b608-ddbcd858df4a"
        }
    },
    {
        "model": "minuman.minuman",
        "pk": "c8c8cfed-5667-4443-a2c4-2f5dde03fa33",
        "fields": {
            "nama": "Air Madu",
            "harga": "25000.00",
            "deskripsi": "Air madu yang manis dan menyehatkan, terbuat dari campuran air hangat dan madu alami. Menawarkan rasa yang lembut dan menyegarkan, serta khasiat menyehatkan bagi tubuh. Cocok dinikmati kapan saja, baik sebagai minuman pagi yang menyegarkan atau sebagai pelepas dahaga sepanjang hari.",
            "gambar": "https://raw.githubusercontent.com/D02-PBP-2024/mediafiles/refs/heads/main/gambar_minuman/c8af586c-d40f-4374-b866-bc28a5672fdb.jpg",
            "ukuran": "KECIL",
            "tingkat_kemanisan": 80,
            "restoran": "40d5a0f4-362c-453b-8d67-2813fc459cf2"
        }
    },
    {
        "model": "minuman.minuman",
        "pk": "ca0e3630-2670-4d5b-a194-9ae8c6081c9d",
        "fields": {
            "nama": "Summer Breeze",
            "harga": "25000.00",
            "deskripsi": "Summer Breeze adalah minuman segar yang menggabungkan rasa buah tropis seperti nanas, jeruk, dan mangga dengan es dan air soda. Dikenal karena kesegarannya, minuman ini sering dihias dengan irisan buah dan daun mint, menjadikannya pilihan ideal untuk cuaca panas.",
            "gambar": "https://raw.githubusercontent.com/D02-PBP-2024/mediafiles/refs/heads/main/gambar_minuman/2154211f-2067-44e4-a0b1-e974d672009e.jpg",
            "ukuran": "SEDANG",
            "tingkat_kemanisan": 60,
            "restoran": "bfb5f51b-9dec-4269-a42f-d94753b6a2c4"
        }
    },
    {
        "model": "minuman.minuman",
        "pk": "cff5f0e2-cfc9-47d1-a4d0-39662eb6f5b5",
        "fields": {
            "nama": "Jus Belimbing",
            "harga": "18000.00",
            "deskripsi": "Jus belimbing adalah minuman segar yang terbuat dari belimbing matang, memiliki rasa asam manis yang menyegarkan dan aroma khas yang unik.",
            "gambar": "https://raw.githubusercontent.com/D02-PBP-2024/mediafiles/refs/heads/main/gambar_minuman/82b02bfb-af65-4ff0-88e2-c4a080f54c68.jpg",
            "ukuran": "SEDANG",
            "tingkat_kemanisan": 50,
            "restoran": "a9b8eff7-f3c4-4d66-ae28-afef240b0960"
        }
    },
    {
        "model": "minuman.minuman",
        "pk": "d744325c-6b32-472c-93e5-77c6d73efc92",
        "fields": {
            "nama": "Jus Apel",
            "harga": "18000.00",
            "deskripsi": "Jus apel adalah minuman segar yang terbuat dari sari buah apel, menawarkan rasa manis dan sedikit asam yang menyegarkan. Kaya akan vitamin dan serat, jus ini sangat baik untuk kesehatan.",
            "gambar": "https://raw.githubusercontent.com/D02-PBP-2024/mediafiles/refs/heads/main/gambar_minuman/6574dbbb-69a9-40ee-82e1-d460a5652eeb.jpg",
            "ukuran": "SEDANG",
            "tingkat_kemanisan": 75,
            "restoran": "a9b8eff7-f3c4-4d66-ae28-afef240b0960"
        }
    },
    {
        "model": "minuman.minuman",
        "pk": "d96a3190-f2a6-4052-9ef3-c167bb00edf8",
        "fields": {
            "nama": "Es Merah Delima",
            "harga": "25000.00",
            "deskripsi": "Es Delima Merah adalah minuman segar yang terbuat dari sari buah delima yang kaya akan antioksidan. Dengan warna merah cerah dan rasa manis-asam yang menyegarkan, es ini disajikan dengan es serut, memberikan sensasi dingin yang pas untuk menghilangkan dahaga. Cocok dinikmati di hari panas!",
            "gambar": "https://raw.githubusercontent.com/D02-PBP-2024/mediafiles/refs/heads/main/gambar_minuman/62f5db26-76e6-4a19-a41c-7bd8bbcbb7e2.jpg",
            "ukuran": "SEDANG",
            "tingkat_kemanisan": 70,
            "restoran": "e9e54d55-1361-4e83-b880-aa7852ef16f8"
        }
    },
    {
        "model": "minuman.minuman",
        "pk": "dbd0828d-6a1a-4f78-b141-40cdff309bd5",
        "fields": {
            "nama": "Susu Kedelai",
            "harga": "300000.00",
            "deskripsi": "Susu kedelai yang creamy dan kaya nutrisi, terbuat dari kedelai pilihan yang diolah secara alami. Menawarkan rasa yang lembut dan sedikit manis, cocok sebagai alternatif sehat untuk berbagai minuman. Nikmati susu kedelai ini sebagai bagian dari diet seimbang atau sebagai penyegar di siang hari.",
            "gambar": "https://raw.githubusercontent.com/D02-PBP-2024/mediafiles/refs/heads/main/gambar_minuman/63fd5195-0105-4445-b38f-3eccb9286bce.jpg",
            "ukuran": "BESAR",
            "tingkat_kemanisan": 50,
            "restoran": "40d5a0f4-362c-453b-8d67-2813fc459cf2"
        }
    },
    {
        "model": "minuman.minuman",
        "pk": "dcea5249-5c23-4633-b26b-d079d5c76e61",
        "fields": {
            "nama": "Es Teh Manis",
            "harga": "5000.00",
            "deskripsi": "Es teh manis yang segar dan lembut, diseduh dari daun teh pilihan dengan tambahan gula alami. Hadirkan kesegaran sederhana yang pas dinikmati di segala suasana. Pilihan tepat untuk menemani waktu santai Anda.",
            "gambar": "https://raw.githubusercontent.com/D02-PBP-2024/mediafiles/refs/heads/main/gambar_minuman/733a5534-15e0-45ff-bd28-3b3b06a6f227.jpg",
            "ukuran": "BESAR",
            "tingkat_kemanisan": 80,
            "restoran": "0cc904b9-6003-48f1-a237-6b9a709ed6ae"
        }
    },
    {
        "model": "minuman.minuman",
        "pk": "e88a7561-41ca-4250-8e88-73f596ac4160",
        "fields": {
            "nama": "Air Lemon",
            "harga": "25000.00",
            "deskripsi": "Air lemon segar yang menyegarkan, terbuat dari perasan lemon alami yang kaya vitamin C. Memberikan rasa asam yang menyegarkan dan cocok untuk menghidrat tubuh di hari yang panas. Nikmati kesederhanaan dan manfaat sehat dalam setiap tegukan.",
            "gambar": "https://raw.githubusercontent.com/D02-PBP-2024/mediafiles/refs/heads/main/gambar_minuman/00c689af-ca68-49a5-9f24-6bf550c3a65f.jpg",
            "ukuran": "SEDANG",
            "tingkat_kemanisan": 50,
            "restoran": "130561a8-c4d5-4b8e-ba5c-a36deeafd14d"
        }
    },
    {
        "model": "minuman.minuman",
        "pk": "ebbb088f-f9ff-49e9-ae77-8ac4749b9218",
        "fields": {
            "nama": "Jus Nanas",
            "harga": "15000.00",
            "deskripsi": "Jus nanas segar dengan rasa manis dan sedikit asam, diolah dari buah nanas matang yang juicy. Setiap tegukan menghadirkan kesegaran tropis yang menyegarkan dan kaya akan vitamin C. Sempurna untuk dinikmati di hari yang panas atau sebagai penyegar di sepanjang hari.",
            "gambar": "https://raw.githubusercontent.com/D02-PBP-2024/mediafiles/refs/heads/main/gambar_minuman/2e35d339-d4fe-4afc-bc57-ebc9691d2437.jpg",
            "ukuran": "SEDANG",
            "tingkat_kemanisan": 65,
            "restoran": "614d6b91-743f-45e4-9b8c-7a0de583bd30"
        }
    },
    {
        "model": "minuman.minuman",
        "pk": "f2da8e4c-35de-4110-b383-39ac1a74b6a7",
        "fields": {
            "nama": "Jus Mangga",
            "harga": "15000.00",
            "deskripsi": "Jus mangga segar dengan rasa manis dan sedikit asam yang alami, diolah dari buah mangga pilihan. Setiap tegukan menghadirkan kesegaran tropis yang memanjakan. Cocok untuk dinikmati kapan saja sebagai pelepas dahaga yang penuh rasa.",
            "gambar": "https://raw.githubusercontent.com/D02-PBP-2024/mediafiles/refs/heads/main/gambar_minuman/8c8be6a7-ed72-4740-ba25-83073b48e253.jpg",
            "ukuran": "SEDANG",
            "tingkat_kemanisan": 60,
            "restoran": "11914408-27e7-4e7f-b608-ddbcd858df4a"
        }
    },
    {
        "model": "minuman.minuman",
        "pk": "f9314ecf-647b-44df-af55-55363b987ca8",
        "fields": {
            "nama": "Es Jeruk Nipis",
            "harga": "25000.00",
            "deskripsi": "Es jeruk nipis yang segar dan menyegarkan, terbuat dari perasan jeruk nipis alami yang kaya rasa. Menawarkan kombinasi asam dan manis yang menyegarkan, sempurna untuk menghilangkan dahaga di hari yang panas. Nikmati kesegaran alami ini sebagai minuman sehat yang menyegarkan.",
            "gambar": "https://raw.githubusercontent.com/D02-PBP-2024/mediafiles/refs/heads/main/gambar_minuman/3077aeba-d652-40a3-a6f8-8a9375dd4de8.jpg",
            "ukuran": "SEDANG",
            "tingkat_kemanisan": 50,
            "restoran": "40d5a0f4-362c-453b-8d67-2813fc459cf2"
        }
    },
    {
        "model": "minuman.minuman",
        "pk": "f9cd9774-d18e-4a40-ac4c-80f891510f16",
        "fields": {
            "nama": "Red Velvet",
            "harga": "20000.00",
            "deskripsi": "Red Velvet adalah minuman yang kaya dan menggoda, terbuat dari perpaduan susu dan sirup rasa red velvet yang manis. Minuman ini biasanya disajikan dengan lapisan krim kocok di atasnya, memberikan rasa lembut dan tekstur yang creamy, serta tampilan yang menarik dengan warna merah yang cerah.",
            "gambar": "https://raw.githubusercontent.com/D02-PBP-2024/mediafiles/refs/heads/main/gambar_minuman/0b0a5e51-ff92-40b0-b4d9-a28d5b6a8af1.jpg",
            "ukuran": "SEDANG",
            "tingkat_kemanisan": 80,
            "restoran": "d12c22ba-78d1-48a4-be85-ce804ae28b75"
        }
    },
    {
        "model": "restoran.restoran",
        "pk": "0cc904b9-6003-48f1-a237-6b9a709ed6ae",
        "fields": {
            "nama": "Sentral Kampung Pempek Palembang",
            "alamat": "Jl. Beringin Janggut, Talang Semut, Kec. Bukit Kecil, Kota Palembang, Sumatera Selatan 30135",
            "jam_buka": "07:30:00",
            "jam_tutup": "22:00:00",
            "nomor_telepon": "(0711) 353934",
            "gambar": "https://raw.githubusercontent.com/D02-PBP-2024/mediafiles/refs/heads/main/gambar_restoran/77ad1190-756f-4516-bb56-6d9443b62819.jpg",
            "user": 10
        }
    },
    {
        "model": "restoran.restoran",
        "pk": "11914408-27e7-4e7f-b608-ddbcd858df4a",
        "fields": {
            "nama": "Rumah Makan Pindang Musi Rawas",
            "alamat": "Jl. Angkatan 45 No.18, Lorok Pakjo, Kec. Ilir Bar. I, Kota Palembang, Sumatera Selatan 30137",
            "jam_buka": "09:00:00",
            "jam_tutup": "22:00:00",
            "nomor_telepon": "(0711) 370590",
            "gambar": "https://raw.githubusercontent.com/D02-PBP-2024/mediafiles/refs/heads/main/gambar_restoran/220cc6f1-ba48-404b-ae50-21a0d1c367f3.jpg",
            "user": 2
        }
    },
    {
        "model": "restoran.restoran",
        "pk": "130561a8-c4d5-4b8e-ba5c-a36deeafd14d",
        "fields": {
            "nama": "Sushi Tei Palembang",
            "alamat": "Jl. Ki Ranggo Wirosantiko No.1C, Talang Semut, Kec. Bukit Kecil, Kota Palembang, Sumatera Selatan 30121",
            "jam_buka": "10:00:00",
            "jam_tutup": "22:00:00",
            "nomor_telepon": "(0711) 319500",
            "gambar": "https://raw.githubusercontent.com/D02-PBP-2024/mediafiles/refs/heads/main/gambar_restoran/ca329536-0979-4f2e-89d8-52e5febf7386.jpg",
            "user": 5
        }
    },
    {
        "model": "restoran.restoran",
        "pk": "40d5a0f4-362c-453b-8d67-2813fc459cf2",
        "fields": {
            "nama": "Pancious",
            "alamat": "Jl. Veteran Kav. A-3 No. 999, 9 Ilir, Ilir Timur II, 9 Ilir, Kec. Ilir Tim. II, Kota Palembang, Sumatera Selatan 30111",
            "jam_buka": "10:00:00",
            "jam_tutup": "23:30:00",
            "nomor_telepon": "(0711) 5556800",
            "gambar": "https://raw.githubusercontent.com/D02-PBP-2024/mediafiles/refs/heads/main/gambar_restoran/c79e3b1d-a4e6-4f03-9e29-5fd3fdc6edb7.jpg",
            "user": 7
        }
    },
    {
        "model": "restoran.restoran",
        "pk": "614d6b91-743f-45e4-9b8c-7a0de583bd30",
        "fields": {
            "nama": "Pempek Lala 26 Ilir",
            "alamat": "Jalan Mujahidin No.23 26 Ilir, Talang Semut, Kec. Bukit Kecil, Kota Palembang, Sumatera Selatan 30135",
            "jam_buka": "08:00:00",
            "jam_tutup": "22:00:00",
            "nomor_telepon": "0822-7877-2781",
            "gambar": "https://raw.githubusercontent.com/D02-PBP-2024/mediafiles/refs/heads/main/gambar_restoran/b2249b3b-447a-4d00-8703-4ebc0abb3831.jpg",
            "user": 9
        }
    },
    {
        "model": "restoran.restoran",
        "pk": "a9b8eff7-f3c4-4d66-ae28-afef240b0960",
        "fields": {
            "nama": "Saoenk Kito Restaurant",
            "alamat": "Jl. Demang lebar daun no.08-09 rw 043/ 011, Demang Lebar Daun, Kec. Ilir Bar. I, Kota Palembang, Sumatera Selatan 30151",
            "jam_buka": "10:00:00",
            "jam_tutup": "22:00:00",
            "nomor_telepon": "(0711) 442999",
            "gambar": "https://raw.githubusercontent.com/D02-PBP-2024/mediafiles/refs/heads/main/gambar_restoran/fc00bb1c-c637-4eeb-b446-33af40348812.jpg",
            "user": 6
        }
    },
    {
        "model": "restoran.restoran",
        "pk": "bfb5f51b-9dec-4269-a42f-d94753b6a2c4",
        "fields": {
            "nama": "Tamken Resto and Cafe",
            "alamat": "Jl. AKBP Cek Agus No.3, 8 Ilir, Kec. Ilir Tim. II, Kota Palembang, Sumatera Selatan 30163",
            "jam_buka": "10:00:00",
            "jam_tutup": "22:00:00",
            "nomor_telepon": "(0711) 5714826",
            "gambar": "https://raw.githubusercontent.com/D02-PBP-2024/mediafiles/refs/heads/main/gambar_restoran/e273b27a-6433-46b7-aa80-7d9b7fd5546a.jpg",
            "user": 4
        }
    },
    {
        "model": "restoran.restoran",
        "pk": "d12c22ba-78d1-48a4-be85-ce804ae28b75",
        "fields": {
            "nama": "RM Sri Melayu",
            "alamat": "Jl. Demang Lebar Daun No.1, Demang Lebar Daun, Kec. Ilir Bar. I, Kota Palembang, Sumatera Selatan 30137",
            "jam_buka": "10:00:00",
            "jam_tutup": "22:00:00",
            "nomor_telepon": "(0711) 420468",
            "gambar": "https://raw.githubusercontent.com/D02-PBP-2024/mediafiles/refs/heads/main/gambar_restoran/c8dc3dd9-0fea-4f6b-a029-97a9f38c9627.jpg",
            "user": 3
        }
    },
    {
        "model": "restoran.restoran",
        "pk": "e9e54d55-1361-4e83-b880-aa7852ef16f8",
        "fields": {
            "nama": "Gemercik Resto-Suki-Kedai Kopi",
            "alamat": "Jl. Demang Lebar Daun, Demang Lebar Daun, Kec. Ilir Bar. I, Kota Palembang, Sumatera Selatan 30151",
            "jam_buka": "09:30:00",
            "jam_tutup": "22:00:00",
            "nomor_telepon": "(0711) 5717101",
            "gambar": "https://raw.githubusercontent.com/D02-PBP-2024/mediafiles/refs/heads/main/gambar_restoran/83a09957-8434-42e5-b4bb-e452487bea27.jpg",
            "user": 8
        }
    },
    {
        "model": "restoran.restoran",
        "pk": "f000d91a-908f-46b6-8dc0-c5e7a370aae1",
        "fields": {
            "nama": "RM Pondok Kelapo",
            "alamat": "Jl. Demang Lebar Daun No.184, Demang Lebar Daun, Kec. Ilir Bar. I, Kota Palembang, Sumatera Selatan 30151",
            "jam_buka": "10:00:00",
            "jam_tutup": "22:00:00",
            "nomor_telepon": "(0711) 412011",
            "gambar": "https://raw.githubusercontent.com/D02-PBP-2024/mediafiles/refs/heads/main/gambar_restoran/1a6ad944-9875-4979-8eda-8d1d05ca2861.jpg",
            "user": 1
        }
    },
    {
        "model": "ulasan.ulasan",
        "pk": "0c0cb6e1-9884-4092-888f-d89e091766dc",
        "fields": {
            "created_at": "2024-10-25T16:09:03.224Z",
            "nilai": 5,
            "deskripsi": "Saya berkunjung ke salah satu sentra kampung pempek di Palembang, tepatnya di Kampung Pempek 26 Ilir. Saat itu, kami sudah memasuki puncak arus balik, sehingga tempat ini dipadati banyak pemudik yang berburu oleh-oleh.\r\n\r\nAlhamdulillah, setelah menunggu hampir setengah jam, kami akhirnya mendapatkan tempat yang nyaman di Resto Pempek Lala, salah satu pempek paling terkenal yang sering diliput oleh para food vlogger. Rasa pempeknya sangat enak, meskipun beberapa menu unik yang ingin saya coba sudah habis. Namun, tidak masalah, karena rasa ikan yang gurih dari menu yang masih tersedia cukup memuaskan perut, ditambah dengan suguhan kue hijau yang manis dan es kacang merah yang memadukan rasa manis dan gurih.\r\n\r\nSaya ingin mengucapkan terima kasih khusus kepada Nona Nina dan Om Ramli yang telah menjadi pemandu yang menyenangkan selama berkeliling di Kampung 26 Ilir.",
            "user": 11,
            "restoran": "614d6b91-743f-45e4-9b8c-7a0de583bd30"
        }
    },
    {
        "model": "ulasan.ulasan",
        "pk": "12281a9f-8238-4215-9334-16d264ab1762",
        "fields": {
            "created_at": "2024-10-25T15:52:03.243Z",
            "nilai": 5,
            "deskripsi": "Menurut pendapat saya, tempat makan ini layak dicoba jika Anda berkesempatan singgah di Palembang. Rasa makanannya sangat sesuai dengan selera saya, terutama pindang iga, pindang udang, pindang patin, sambal mangga, serta udang sambal pete yang disajikan dengan lalapan. Fasilitas parkirnya cukup luas, pelayanan yang diberikan juga baik, dan harga yang ditawarkan sangat terjangkau.",
            "user": 13,
            "restoran": "11914408-27e7-4e7f-b608-ddbcd858df4a"
        }
    },
    {
        "model": "ulasan.ulasan",
        "pk": "1ab4f85c-b5ef-486c-a53f-6f69a0e578a1",
        "fields": {
            "created_at": "2024-10-25T16:06:45.717Z",
            "nilai": 5,
            "deskripsi": "Restoran ini nyaman dan sangat cocok untuk makan bersama keluarga, teman, dan rekan kantor. Saat kami berkunjung, mayoritas pengunjungnya adalah kelompok pegawai kantor, yang menunjukkan bahwa suasananya memang ideal untuk bincang-bincang santai. Dengan nuansa kayu dan suara air dari kolam kecil, tempat ini terasa menenangkan.\r\n\r\nDari segi harga, sesuai dengan standar restoran di Palembang. Menu makanannya sangat bervariasi dan enak, sehingga cocok untuk dibagi-bagikan. Saya pribadi sangat menyukai buncis dengan dua rasa yang disajikan di sini.",
            "user": 12,
            "restoran": "e9e54d55-1361-4e83-b880-aa7852ef16f8"
        }
    },
    {
        "model": "ulasan.ulasan",
        "pk": "1bbd35c0-1d80-42d7-a9c4-d95770362679",
        "fields": {
            "created_at": "2024-10-25T16:08:27.552Z",
            "nilai": 5,
            "deskripsi": "Kawasan ini terkenal dengan aneka pempek yang memiliki berbagai jenis dan harga. Terdapat banyak penjual pempek, mulai dari restoran hingga pedagang di pinggir jalan, serta banyak penjual kemplang.\r\n\r\nKami mencoba pempek Edy, di mana harga pempek kecil untuk semua varian adalah Rp 1.500 per pcs, yang tergolong murah. Rasanya cukup enak, meskipun tidak sebanding dengan pempek Candy. Hehe. Kami juga membeli kemplang sebagai oleh-oleh, bukan di Pak Edy, tetapi di ruko kecil khusus yang menjual kemplang, dengan harga Rp 15.000 per paket. Kami membeli 13 paket kemplang untuk keluarga di rumah, dan rasanya enak, cocok sebagai oleh-oleh asli Palembang. ≡ƒæì\r\n\r\nJika ingin membeli oleh-oleh pempek, Anda juga bisa memesan dalam keadaan vakum dan dijadikan frozen, meskipun tidak bisa bertahan lama jika tidak disimpan di kulkas.",
            "user": 11,
            "restoran": "0cc904b9-6003-48f1-a237-6b9a709ed6ae"
        }
    },
    {
        "model": "ulasan.ulasan",
        "pk": "3c112d1e-238a-483a-8e7c-d1434a686f69",
        "fields": {
            "created_at": "2024-10-25T15:52:40.219Z",
            "nilai": 3,
            "deskripsi": "Tempatnya cukup luas. Saya memesan pindang tulang iga yang berisi tiga potong, dan rasanya sangat enak. Selain itu, terdapat juga ikan seluang yang gurih dan renyah, cocok dinikmati dengan sambal. Nasi hangat yang disajikan bersama hidangan ini sudah terasa lezat. Saya juga mencoba sempol ikan, yang rasanya tidak kalah enak. Namun, saat mencicipi srikaya, saya mendapati bahwa saya kurang menyukainya. Secara keseluruhan, pengalaman makan di sini sangat memuaskan! ≡ƒÿè≡ƒæì≡ƒÅ╝",
            "user": 11,
            "restoran": "11914408-27e7-4e7f-b608-ddbcd858df4a"
        }
    },
    {
        "model": "ulasan.ulasan",
        "pk": "3f0dc462-5df3-450e-b3ad-577af664e040",
        "fields": {
            "created_at": "2024-10-25T16:05:44.933Z",
            "nilai": 4,
            "deskripsi": "Saya baru saja mencoba makan di restoran yang terletak tepat di samping Holycow. Menu yang disajikan cenderung berfokus pada masakan Eropa, dengan variasi roti yang lebih dominan. Terdapat juga pilihan steak, termasuk steak ayam, ikan, dan daging, meskipun variasi pada masing-masing jenis steak tidak terlalu banyak.\r\n\r\nUntuk minuman, pilihan yang ditawarkan cukup bervariasi, dengan minuman andalan Barkley Tea yang menggunakan es gula merah. Suasana restoran yang cozy juga menjadi nilai tambah tersendiri. \r\n\r\nRestoran ini sangat cocok dijadikan sebagai tujuan makan atau berkumpul bersama keluarga dan rekan kerja. Namun, saya tidak merekomendasikannya untuk dikunjungi setiap minggu, mengingat harganya yang cukup lumayan tinggi (sudah sesuai dengan standar). Secara keseluruhan, pengalaman makan di sini sangat menyenangkan! ≡ƒæì",
            "user": 12,
            "restoran": "40d5a0f4-362c-453b-8d67-2813fc459cf2"
        }
    },
    {
        "model": "ulasan.ulasan",
        "pk": "42fda733-67e1-478f-a027-8aa3fbd26ecd",
        "fields": {
            "created_at": "2024-10-25T16:07:16.197Z",
            "nilai": 4,
            "deskripsi": "Tempat makan ini mengusung konsep kekinian dengan alunan musik live yang menambah suasana. Menawarkan beragam jenis makanan, pengunjung dapat memilih sesuai dengan selera masing-masing.\r\n\r\nSebelum makanan utama disajikan, meja akan disediakan cemilan sebagai \"welcoming food,\" seperti pempek, kue tart, atau kue sejenis sus (namun perlu diingat, ini berbayar). \r\n\r\nDari segi rasa, masakannya termasuk enak. Contohnya, kepiting yang dibungkus daun pisang memiliki bumbu yang sangat kuat dan berani. Sementara itu, bumbu ayam bawang juga enak, meskipun ayam gorengnya sedikit kering dan alot.",
            "user": 13,
            "restoran": "e9e54d55-1361-4e83-b880-aa7852ef16f8"
        }
    },
    {
        "model": "ulasan.ulasan",
        "pk": "46b2c18c-c195-4763-a4a7-3a31347cd5d9",
        "fields": {
            "created_at": "2024-10-25T15:40:53.973Z",
            "nilai": 5,
            "deskripsi": "Love the food!! Gurame saos padangnya yummy, tumis kangkung ≡ƒæì. Musholla dan toiletnya bersih. Atmosphere suasana makan disini sangat menyenangkan. Ada ruangan yang cocok untuk business meeting yang pakai AC.",
            "user": 12,
            "restoran": "f000d91a-908f-46b6-8dc0-c5e7a370aae1"
        }
    },
    {
        "model": "ulasan.ulasan",
        "pk": "4da98db9-4a08-47e3-952b-0c22961ff63a",
        "fields": {
            "created_at": "2024-10-25T16:01:27.932Z",
            "nilai": 5,
            "deskripsi": "Ini adalah tempat makan sushi keluarga premium pertama di Palembang, sebelum hadirnya berbagai sushi premium lainnya yang kini menjamur. Rasanya cukup memuaskan, dengan ukuran sushi yang besar. Satu porsi ramen dapat dibagikan untuk 2-3 orang. Harga yang ditawarkan sebanding dengan kualitas dan ukuran porsi.\r\n\r\nSuasana di restoran ini nyaman, dilengkapi dengan sushi belt conveyor yang memudahkan pengunjung untuk memilih sushi atau menu lainnya. \r\n\r\nLokasinya cukup eksklusif, berada di gedung Sushi Tei di simpang Jalan A. Rivai, dengan fasilitas parkir yang luas dan dekat dengan masjid besar.",
            "user": 11,
            "restoran": "130561a8-c4d5-4b8e-ba5c-a36deeafd14d"
        }
    },
    {
        "model": "ulasan.ulasan",
        "pk": "57a391dd-89ef-4a63-9f41-3d18e6f2b8b1",
        "fields": {
            "created_at": "2024-10-25T15:53:20.724Z",
            "nilai": 4,
            "deskripsi": "Ini adalah kunjungan kedua saya ke rumah makan Pindang Musi Rawas. Kunjungan pertama saya dilakukan bersama teman yang asli tinggal di Palembang, dan kali ini saya datang bersama keluarga. Sudah hampir enam tahun sejak kunjungan sebelumnya, dan suasananya terasa sedikit berbedaΓÇöpastinya lebih nyaman.\r\n\r\nDari segi rasa masakan, hampir tidak ada perubahan, terutama pada hidangan pindang. Pindang patin yang disajikan dengan dua potong ikan kini dihargai Rp 50.000, sedangkan pindang udang yang berukuran cukup besar dihargai Rp 120.000. Saya juga sempat mencicipi pepes dan sambal petai udang. Menu lainnya juga beragam, sehingga dapat dicoba sesuai dengan kemampuan dan selera.\r\n\r\nSuasana makan di sini cukup nyaman dan kebersihannya terjaga dengan baik, termasuk di toilet dan tempat cuci tangan yang juga bersih.",
            "user": 15,
            "restoran": "11914408-27e7-4e7f-b608-ddbcd858df4a"
        }
    },
    {
        "model": "ulasan.ulasan",
        "pk": "6b3ce114-1286-4994-9185-840d02bcb78b",
        "fields": {
            "created_at": "2024-10-25T16:05:12.038Z",
            "nilai": 5,
            "deskripsi": "Pancious di Palembang adalah restoran yang cocok untuk hangout dengan teman atau berkumpul dengan keluarga. Menu yang disajikan sebagian besar adalah masakan western, dan untuk pancake-nya, tidak perlu diragukan lagiΓÇösemuanya enak. \r\n\r\nSaya baru mencoba milk tea-nya dan ternyata rasanya sangat enak. Selain itu, spaghetti truffle-nya juga lezat, dengan rasa yang pas dan tidak terlalu kuat. Secara keseluruhan, saya merasa nyaman makan di sini.",
            "user": 11,
            "restoran": "40d5a0f4-362c-453b-8d67-2813fc459cf2"
        }
    },
    {
        "model": "ulasan.ulasan",
        "pk": "8a1979e4-e9d1-47d7-8478-8ad8972635ba",
        "fields": {
            "created_at": "2024-10-25T15:59:53.498Z",
            "nilai": 4,
            "deskripsi": "Tempatnya nyaman, lumayan luas ada ruang AC dan Non AC, ada bagian tamannya juga, ada spot foto juga, untuk makanan enak, kue kue enak, takjilnya enak juga karena kebetulan kesini pas acara Bukber, pelayanannya cukup ramah, ada musiknya, rekomen pokoknya buat yang cari lokasi untuk bukber dengan keluarga atau kantor.",
            "user": 13,
            "restoran": "bfb5f51b-9dec-4269-a42f-d94753b6a2c4"
        }
    },
    {
        "model": "ulasan.ulasan",
        "pk": "98112c92-0243-4b69-a801-3d8326c808d2",
        "fields": {
            "created_at": "2024-10-25T16:11:20.775Z",
            "nilai": 3,
            "deskripsi": "Sebagai tempat yang menjadi ikon pusat perdagangan kuliner khas tradisional, sudah sepatutnya pemerintah kota Palembang maupun pemerintah provinsi memberikan perhatian lebih terhadap lokasi ini, terutama bagi masyarakat dari luar daerah. Penting untuk menyediakan kemudahan dalam menjangkau tempat ini, seperti rute yang tidak berputar-putar, tanda arah yang jelas, serta fasilitas yang memadai, seperti area parkir untuk kendaraan roda dua maupun roda empat.\r\n\r\nSelain itu, akses jalan yang rapi dan tidak becek sangat diperlukan, mengingat kondisi di sekitar Pasar 26 yang terkesan semerawut. Peningkatan infrastruktur dan fasilitas akan membuat pengalaman berkunjung ke tempat ini menjadi lebih nyaman dan menyenangkan.",
            "user": 12,
            "restoran": "0cc904b9-6003-48f1-a237-6b9a709ed6ae"
        }
    },
    {
        "model": "ulasan.ulasan",
        "pk": "a12f2e8b-c1b0-4ce1-962c-cfd62e2ceb7c",
        "fields": {
            "created_at": "2024-10-25T15:46:46.467Z",
            "nilai": 2,
            "deskripsi": "Rasa makanan di restoran tersebut tergolong biasa. Udang bakar yang disajikan kurang meresap bumbunya. Selain itu, terjadi insiden yang lebih mengecewakan. Sebuah restoran besar seharusnya memiliki generator otomatis, namun pada kenyataannya tidak ada. Setidaknya, diharapkan terdapat lampu darurat. Saat kami sedang menikmati makanan, listrik padam, dan hal ini terjadi secara tiba-tiba, bukan karena pemadaman dari PLN, melainkan diduga akibat kehabisan token. Saya merasa sangat malu, mengingat saya sedang membawa tamu dari Jakarta.",
            "user": 15,
            "restoran": "f000d91a-908f-46b6-8dc0-c5e7a370aae1"
        }
    },
    {
        "model": "ulasan.ulasan",
        "pk": "a704d5ae-1d9a-41d4-a66e-0c00355b1275",
        "fields": {
            "created_at": "2024-10-25T15:44:01.943Z",
            "nilai": 5,
            "deskripsi": "Makanannya enak tentunya dengan harga yang Lumayan juga, suasana selalu ramai,apalagi di bulan Ramadhan, Untungnya masih ada table kosong, kalo agak sorean dikit pasti udah full, kalo ngga booking dari siang",
            "user": 14,
            "restoran": "f000d91a-908f-46b6-8dc0-c5e7a370aae1"
        }
    },
    {
        "model": "ulasan.ulasan",
        "pk": "ae7b4f31-5c65-48f1-9b44-f166b8300e5a",
        "fields": {
            "created_at": "2024-10-25T16:02:30.664Z",
            "nilai": 2,
            "deskripsi": "Harga di sini memang agak tinggi, tetapi sebanding dengan rasa dan kualitas bahan yang digunakan. Namun, saya mencatat bahwa kepala salmon yang saya makan terasa agak amis, mungkin perlu ditinjau kembali. Di luar itu, suasana dan pelayanan di restoran ini baik. Saya berharap mereka bisa sering-sering mengadakan promo. Hehehe.",
            "user": 15,
            "restoran": "130561a8-c4d5-4b8e-ba5c-a36deeafd14d"
        }
    },
    {
        "model": "ulasan.ulasan",
        "pk": "b0cdc437-61ad-4761-a9df-14f23138d165",
        "fields": {
            "created_at": "2024-10-25T16:04:10.267Z",
            "nilai": 4,
            "deskripsi": "Sekarang restoran ini telah berganti nama menjadi Mei Mei Restoran. Mereka menyajikan berbagai makanan khas Palembang, seperti pindang, soto, pempek, ayam, dan ikan. Rasa makanannya cukup enak dan sepadan dengan harga, meskipun tidak tergolong luar biasa.\r\n\r\nMenu yang menarik perhatian adalah tahu Sumedang yang hanya dihargai Rp 15.000 (sebelum pajak), dan menariknya, air putih hanya dikenakan biaya Rp 2.000, yang jarang ditemukan di restoran lain.\r\n\r\nFasilitas parkirnya cukup luas, meskipun harus berbagi dengan tempat fitness di sebelahnya. Bagian dalam restoran cukup luas dan dilengkapi dengan beberapa mainan anak yang menyerupai playground untuk anak-anak. Ruangan tidak dilengkapi dengan AC, hanya menggunakan kipas angin, dan terdapat saung-saung di dalamnya. Disarankan untuk datang pada saat cuaca tidak terlalu panas agar lebih nyaman. Mungkin ke depannya, pihak restoran dapat mempertimbangkan untuk memasang AC demi kenyamanan pelanggan.\r\n\r\nPelayanan di restoran ini adalah salah satu yang terbaik. Para pelayan sangat ramah, cepat, dan selalu tersenyum. Dengan pelayanan yang baik dan rasa makanan yang terjaga, seharusnya restoran ini dapat menjadi pilihan keluarga yang populer. Mungkin perlu dilakukan promosi untuk memperkenalkan kembali restoran ini kepada masyarakat.",
            "user": 16,
            "restoran": "a9b8eff7-f3c4-4d66-ae28-afef240b0960"
        }
    },
    {
        "model": "ulasan.ulasan",
        "pk": "b118b4ff-8767-4ff1-a2dd-b282958eb8e9",
        "fields": {
            "created_at": "2024-10-25T16:09:50.500Z",
            "nilai": 2,
            "deskripsi": "Saya ingin berbagi pengalaman mengenai pelayanan di sini yang kurang memuaskan. Sayangnya, banyak pelayan yang terkesan judes. Ketika saya meminta atau menanyakan sesuatu, jawaban yang diberikan terdengar ketus, seperti \"Kalau model itu memang tidak pakai mie putih.\" \r\n\r\nSaya mencoba bertanya lebih lanjut, tetapi malah mendapat tanggapan yang kurang ramah. Selain itu, saya juga memperhatikan mereka berbicara tentang pelanggan di depan kami, yang membuat suasana semakin tidak nyaman.\r\n\r\nSaya mengerti bahwa mereka mungkin lelah dan menghadapi banyak pesanan, namun seharusnya semua pelanggan tetap diperlakukan dengan baik. Terkadang, ketika banyak orang yang datang, perhatian terhadap pelanggan lain seolah terabaikan.\r\n\r\nSemoga ke depannya, pelayanan di sini bisa lebih ramah kepada semua pembeli. Senyuman kecil saja bisa membuat perbedaan besar. Terima kasih. ≡ƒÖÅ≡ƒÅ╗",
            "user": 15,
            "restoran": "614d6b91-743f-45e4-9b8c-7a0de583bd30"
        }
    },
    {
        "model": "ulasan.ulasan",
        "pk": "b4f0edb2-77f8-424b-9866-ca036774fabf",
        "fields": {
            "created_at": "2024-10-25T15:39:44.555Z",
            "nilai": 4,
            "deskripsi": "Menginjakan kaki di kota Palembang mencoba masakan khas disana. Pindang patin adalah salah satu menu pavorite yang tersedia dengan beberapa menu lain seperti ikan burame bakar, sup Jagung kepiting dan aneka kerang. Ikan patin pindang sangat diminati dan segar. Sup Jagung kepiting juga enak. Lingkungan restaurant yang asr─▒ dengan kolam ikan d─▒ dalam menambah nikmat Makan di siang hari.",
            "user": 11,
            "restoran": "f000d91a-908f-46b6-8dc0-c5e7a370aae1"
        }
    },
    {
        "model": "ulasan.ulasan",
        "pk": "ba51abfa-8260-4b28-a858-1f7ab6e298a5",
        "fields": {
            "created_at": "2024-10-25T16:00:36.094Z",
            "nilai": 5,
            "deskripsi": "Tempatnya sangat bagus dan cocok untuk makan bersama keluarga atau pasangan. Masakannya enak, dan pelayanan yang diberikan sangat baik serta ramah. Saya sangat menyukainya, terutama karena cocok untuk orang-orang yang suka berfoto. ≡ƒñ¡\r\n\r\nNamun, saat kami berkunjung, cuaca sedang hujan, sehingga kami terpaksa makan di bagian dalam. ≡ƒÑ║\r\n\r\nKami berencana untuk kembali ke sini di lain waktu. ≡ƒÿì≡ƒÖÅ",
            "user": 14,
            "restoran": "bfb5f51b-9dec-4269-a42f-d94753b6a2c4"
        }
    },
    {
        "model": "ulasan.ulasan",
        "pk": "baf89bd4-5f21-42ae-a646-b1ad08b6f105",
        "fields": {
            "created_at": "2024-10-25T15:55:01.020Z",
            "nilai": 5,
            "deskripsi": "Ini adalah salah satu tempat yang wajib dikunjungi jika Anda ingin menikmati pindang. Pindang patin dan udangnya sangat juara, sementara ikan seluang gorengnya juga lezat. Ditambah lagi, rasanya semakin nikmat dengan sambal tempoyak dan sambal mangga. Jangan lupa untuk memesan sambal pete udang saat berkunjung ke sini!",
            "user": 16,
            "restoran": "11914408-27e7-4e7f-b608-ddbcd858df4a"
        }
    },
    {
        "model": "ulasan.ulasan",
        "pk": "c8126234-6e77-4d45-a746-e5c298a625ae",
        "fields": {
            "created_at": "2024-10-25T15:51:11.344Z",
            "nilai": 4,
            "deskripsi": "Pindang ikan patinnya enak banget. Tersedia juga pindang lain seperti tulang iga dan udang. Selain pindang, tersedia juga lauk lainnya seperti ikan siluang garing, udang sambal pete, pentol ikan gabus dan sayur rebusan. Satu lagi yang juara adalah makanan penutup, sarikaya. Yang suka durian juga disediakan, ada musang king dan monthong",
            "user": 14,
            "restoran": "11914408-27e7-4e7f-b608-ddbcd858df4a"
        }
    },
    {
        "model": "ulasan.ulasan",
        "pk": "d7e9694a-0bf6-4a5f-9a35-efda4aa9a0bc",
        "fields": {
            "created_at": "2024-10-25T15:42:00.433Z",
            "nilai": 3,
            "deskripsi": "Rasa nya ok, tapi piring disajikan dalam keadaan basah tanpa di lap terlebih dahulu, pindang disajikan anget kuku, kamiengharapkan untuk makan sekeluarga seharga 430rb, service nya harus lebih baik dari ini, harusnya pindang itu disajikan panas, harus diperbaiki pelayanan nya",
            "user": 13,
            "restoran": "f000d91a-908f-46b6-8dc0-c5e7a370aae1"
        }
    },
    {
        "model": "ulasan.ulasan",
        "pk": "de2f2e32-8b2a-4f55-9143-ecd3df1cd2af",
        "fields": {
            "created_at": "2024-10-25T15:55:50.067Z",
            "nilai": 5,
            "deskripsi": "Saya mampir ke restoran ini karena dikatakan sebagai representasi masakan Melayu Palembang. Secara keseluruhan, rata-rata makanan yang disajikan enak dan sesuai dengan reputasinya. Suasana di restoran ini juga cukup mendukung, dengan adanya kolam ikan di bagian tengah yang dapat menghibur anak-anak.\r\n\r\nNamun, perlu diperhatikan posisi toilet yang berada di lantai bawah, yang mungkin kurang nyaman bagi tamu yang sudah berumur atau mengalami kesulitan untuk naik turun tangga. Selain itu, siapkan diri untuk merogoh kocek agak dalam, karena harga makanan di sini tergolong lumayan. Dengar-dengar, restoran ini sering digunakan untuk menjamu pejabat dan tamu-tamu penting.",
            "user": 15,
            "restoran": "d12c22ba-78d1-48a4-be85-ce804ae28b75"
        }
    },
    {
        "model": "ulasan.ulasan",
        "pk": "e4af2d82-627c-4cdd-879c-93c3af5fa77c",
        "fields": {
            "created_at": "2024-10-25T15:56:38.342Z",
            "nilai": 4,
            "deskripsi": "Ini adalah salah satu tempat makan pindang di Palembang yang strategis. Fasilitas parkir untuk mobil cukup luas, dan terdapat berbagai pilihan kursi dengan nuansa yang variatif.\r\n\r\nSaya menikmati hidangan pindang di sini bersama keluarga, dan harga yang ditawarkan sebanding dengan rasa yang disajikan. Rasa pindangnya cenderung manis, sementara pelayanan yang diberikan sangat ramah. Hidangan disajikan dalam keadaan panas, dan pengalaman makan semakin menarik dengan pemandangan di atas kolam ikan.",
            "user": 11,
            "restoran": "d12c22ba-78d1-48a4-be85-ce804ae28b75"
        }
    },
    {
        "model": "ulasan.ulasan",
        "pk": "eaf9d53f-71f1-40bd-9e73-3285a913ea3a",
        "fields": {
            "created_at": "2024-10-25T15:54:17.062Z",
            "nilai": 5,
            "deskripsi": "Pindangnya sangat lezat dan segar (mungkin karena bumbu rahasia! ≡ƒÿü), meskipun harganya cukup lumayan, sekitar Rp 60.000. Selain itu, ada juga udang satai yang rasanya enak, tetapi harganya cukup mahal, yaitu Rp 110.000 untuk satu porsi. Makanan lainnya dipadukan dengan sambal yang nikmat, tidak hanya pedas atau asam, tetapi memiliki rasa yang benar-benar enak. Sangat direkomendasikan untuk mengunjungi restoran ini, namun jika ingin membeli udang, sebaiknya pikirkan dengan bijak. Hehehe.",
            "user": 12,
            "restoran": "11914408-27e7-4e7f-b608-ddbcd858df4a"
        }
    },
    {
        "model": "ulasan.ulasan",
        "pk": "ede5acce-11be-4910-b7d6-9d13296e2e5d",
        "fields": {
            "created_at": "2024-10-25T15:47:58.365Z",
            "nilai": 4,
            "deskripsi": "Penggemar seafood yang sedang berkunjung ke Palembang tepat sekali untuk singgah dan mencoba menyantap sajian dari rumah makan ini. Tempatnya tenang, ada life music. Bagi yang butuh ruang untuk meeting juga ada. Bisa pilih ingin di area terbuka dengan udara luar ruangan atau di dalam ruangan. Soal cita rasa, termasuk kategori sajian yang enak. Kalau tidak bisa makan seafood tapi terpaksa mampir kesini karena kerabat atau rekan ingin makan seafood, tenang saja, ada sajian lainnya yang tidak kalah nikmat.",
            "user": 16,
            "restoran": "f000d91a-908f-46b6-8dc0-c5e7a370aae1"
        }
    },
    {
        "model": "ulasan.ulasan",
        "pk": "ee823b36-ff1f-4906-a793-d8cd158318c4",
        "fields": {
            "created_at": "2024-10-25T16:03:31.234Z",
            "nilai": 3,
            "deskripsi": "Seperti makan di pedesaan ad gazebo ny, kecil tempat ny tp krn penyusunan tempat ny bagus jd keliatan besar, makanan ny enak2 ad es cream, es kacang dll, dari sekian makanan aq pilih ny tahu krn udh kenyang jd ini aja pesenan krn penasaran dgn tempat ny aja sebenarnya",
            "user": 14,
            "restoran": "a9b8eff7-f3c4-4d66-ae28-afef240b0960"
        }
    },
    {
        "model": "forum.forum",
        "pk": "0eb37f18-88e2-4256-8276-30fa70c4faf7",
        "fields": {
            "topik": "Harga dan Porsi di RM Pondok Kelapo",
            "pesan": "Bagaimana harga dan porsi makanan di RM Pondok Kelapo? Apakah porsi tersebut memuaskan untuk harga yang ditawarkan?",
            "tanggal_posting": "2024-10-26T10:21:46.604Z",
            "user": 15,
            "restoran": "f000d91a-908f-46b6-8dc0-c5e7a370aae1"
        }
    },
    {
        "model": "forum.forum",
        "pk": "11505b49-dc56-4c36-9d30-2717a7a9ac74",
        "fields": {
            "topik": "Kualitas Makanan dan Menu Rekomendasi di Tamken Resto and Cafe",
            "pesan": "Bagaimana kualitas makanan di Tamken Resto and Cafe? Ada menu yang jadi favorit atau rekomendasi?",
            "tanggal_posting": "2024-10-26T10:07:39.829Z",
            "user": 13,
            "restoran": "bfb5f51b-9dec-4269-a42f-d94753b6a2c4"
        }
    },
    {
        "model": "forum.forum",
        "pk": "17519dc9-3238-45d7-8dc1-d3409fa7843e",
        "fields": {
            "topik": "Harga dan Porsi di Saoenk Kito Restaurant",
            "pesan": "Bagaimana harga dan porsi makanan di Saoenk Kito Restaurant? Apakah porsinya sesuai dengan harga dan kualitas?",
            "tanggal_posting": "2024-10-26T10:02:33.902Z",
            "user": 14,
            "restoran": "a9b8eff7-f3c4-4d66-ae28-afef240b0960"
        }
    },
    {
        "model": "forum.forum",
        "pk": "179eed61-3ded-48fb-a909-4e801a38f05f",
        "fields": {
            "topik": "Pelayanan dan Kenyamanan di Rumah Makan Pindang Musi Rawas",
            "pesan": "Bagaimana pelayanan dan kenyamanan di Rumah Makan Pindang Musi Rawas? Apakah tempatnya nyaman untuk makan bersama keluarga?",
            "tanggal_posting": "2024-10-26T04:37:23.720Z",
            "user": 13,
            "restoran": "11914408-27e7-4e7f-b608-ddbcd858df4a"
        }
    },
    {
        "model": "forum.forum",
        "pk": "29ac1c69-6d5f-40a5-b119-6b7ce3b545c0",
        "fields": {
            "topik": "Pengalaman Makan di Sentral Kampung Pempek Palembang",
            "pesan": "Bagaimana pengalaman kalian makan di restoran Sentral Kampung Pempek Palembang? Apakah rasa pempeknya autentik dan bagaimana suasananya?",
            "tanggal_posting": "2024-10-26T09:28:27.480Z",
            "user": 11,
            "restoran": "0cc904b9-6003-48f1-a237-6b9a709ed6ae"
        }
    },
    {
        "model": "forum.forum",
        "pk": "2a0beaef-9312-4aa4-9cb2-c4816853996e",
        "fields": {
            "topik": "Harga dan Porsi di Sentral Kampung Pempek Palembang",
            "pesan": "Bagaimana dengan harga dan porsi di Sentral Kampung Pempek Palembang? Apakah porsinya sesuai dengan harga yang ditawarkan?",
            "tanggal_posting": "2024-10-26T09:37:38.155Z",
            "user": 12,
            "restoran": "0cc904b9-6003-48f1-a237-6b9a709ed6ae"
        }
    },
    {
        "model": "forum.forum",
        "pk": "318d034e-8b49-4312-acc2-b4003146b460",
        "fields": {
            "topik": "Harga dan Porsi di Gemercik Resto-Suki-Kedai Kopi",
            "pesan": "Bagaimana harga dan porsi makanan di Gemercik Resto-Suki-Kedai Kopi? Apakah porsi tersebut sesuai dengan harga yang ditawarkan?",
            "tanggal_posting": "2024-10-26T10:17:11.952Z",
            "user": 12,
            "restoran": "e9e54d55-1361-4e83-b880-aa7852ef16f8"
        }
    },
    {
        "model": "forum.forum",
        "pk": "35c91d2f-7800-4731-954d-62159f41e394",
        "fields": {
            "topik": "Suasana dan Kenyamanan di Pancious",
            "pesan": "Bagaimana suasana dan kenyamanan makan di Pancious? Apakah cocok untuk acara kumpul atau makan bersama keluarga?",
            "tanggal_posting": "2024-10-26T09:56:40.606Z",
            "user": 15,
            "restoran": "40d5a0f4-362c-453b-8d67-2813fc459cf2"
        }
    },
    {
        "model": "forum.forum",
        "pk": "3727ed7f-45fe-4040-8cf0-4fcb4bba2022",
        "fields": {
            "topik": "Menu Favorit di Pancious",
            "pesan": "Apa menu favorit kalian di Pancious? Bagaimana dengan rasa dan kualitas makanannya?",
            "tanggal_posting": "2024-10-26T10:00:39.430Z",
            "user": 13,
            "restoran": "40d5a0f4-362c-453b-8d67-2813fc459cf2"
        }
    },
    {
        "model": "forum.forum",
        "pk": "39c223bb-1e54-42b6-9931-cca8904cf951",
        "fields": {
            "topik": "Suasana dan Kebersihan di Sushi Tei Palembang",
            "pesan": "Bagaimana suasana dan kebersihan di Sushi Tei Palembang? Apakah nyaman untuk makan bersama teman atau keluarga?",
            "tanggal_posting": "2024-10-26T09:53:04.635Z",
            "user": 12,
            "restoran": "130561a8-c4d5-4b8e-ba5c-a36deeafd14d"
        }
    },
    {
        "model": "forum.forum",
        "pk": "5a78ac6d-e4cb-4b77-8efc-72cc6c00acd8",
        "fields": {
            "topik": "Suasana dan Kenyamanan di RM Sri Melayu",
            "pesan": "Bagaimana suasana dan kenyamanan di RM Sri Melayu? Apakah tempatnya cocok untuk acara makan keluarga atau kumpul-kumpul?",
            "tanggal_posting": "2024-10-26T10:14:41.090Z",
            "user": 11,
            "restoran": "d12c22ba-78d1-48a4-be85-ce804ae28b75"
        }
    },
    {
        "model": "forum.forum",
        "pk": "5dd8d231-eedb-4140-81c1-75a1f00a5610",
        "fields": {
            "topik": "Rasa dan Kualitas Hidangan di Rumah Makan Pindang Musi Rawas",
            "pesan": "Bagaimana rasa hidangan di Rumah Makan Pindang Musi Rawas? Apakah pindangnya otentik dan enak?",
            "tanggal_posting": "2024-10-26T09:43:00.492Z",
            "user": 16,
            "restoran": "11914408-27e7-4e7f-b608-ddbcd858df4a"
        }
    },
    {
        "model": "forum.forum",
        "pk": "71a03f1f-afdf-42f1-890a-83bfd837cdb2",
        "fields": {
            "topik": "Suasana dan Kenyamanan di Saoenk Kito Restaurant",
            "pesan": "Bagaimana suasana dan kenyamanan di Saoenk Kito Restaurant? Apakah cocok untuk makan bersama keluarga atau acara kumpul-kumpul?",
            "tanggal_posting": "2024-10-26T10:03:34.480Z",
            "user": 11,
            "restoran": "a9b8eff7-f3c4-4d66-ae28-afef240b0960"
        }
    },
    {
        "model": "forum.forum",
        "pk": "77af19f2-4eb4-42a6-887f-59874e6de3d2",
        "fields": {
            "topik": "Pelayanan di Sushi Tei Palembang",
            "pesan": "Bagaimana pelayanan di Sushi Tei Palembang? Apakah stafnya ramah dan responsif?",
            "tanggal_posting": "2024-10-26T09:53:55.370Z",
            "user": 11,
            "restoran": "130561a8-c4d5-4b8e-ba5c-a36deeafd14d"
        }
    },
    {
        "model": "forum.forum",
        "pk": "8fd69a60-e523-45b8-adf8-840bd0ac6039",
        "fields": {
            "topik": "Suasana dan Fasilitas di Tamken Resto and Cafe",
            "pesan": "Bagaimana suasana dan fasilitas di Tamken Resto and Cafe? Apakah nyaman untuk nongkrong atau bekerja dengan laptop?",
            "tanggal_posting": "2024-10-26T10:10:47.975Z",
            "user": 14,
            "restoran": "bfb5f51b-9dec-4269-a42f-d94753b6a2c4"
        }
    },
    {
        "model": "forum.forum",
        "pk": "b5c5c037-e74e-4369-ae17-5c1f88c0b6c0",
        "fields": {
            "topik": "Pelayanan dan Kenyamanan di Tamken Resto and Cafe",
            "pesan": "Bagaimana pelayanan dan kenyamanan di Tamken Resto and Cafe? Apakah stafnya ramah dan suasananya mendukung untuk bersantai?",
            "tanggal_posting": "2024-10-26T10:11:51.390Z",
            "user": 15,
            "restoran": "bfb5f51b-9dec-4269-a42f-d94753b6a2c4"
        }
    },
    {
        "model": "forum.forum",
        "pk": "c35e9d16-7c1a-4b5c-b855-3a6c208b8c5b",
        "fields": {
            "topik": "Harga dan Porsi Makanan di Sushi Tei Palembang",
            "pesan": "Apakah harga di Sushi Tei Palembang sesuai dengan porsi dan kualitas makanannya? Apakah ada menu yang porsinya cocok untuk sharing?",
            "tanggal_posting": "2024-10-26T09:51:45.869Z",
            "user": 14,
            "restoran": "130561a8-c4d5-4b8e-ba5c-a36deeafd14d"
        }
    },
    {
        "model": "forum.forum",
        "pk": "d0e6ad4d-11c5-4ad1-a023-a21ff428faf0",
        "fields": {
            "topik": "Suasana dan Kenyamanan di Gemercik Resto-Suki-Kedai Kopi",
            "pesan": "Bagaimana suasana dan kenyamanan di Gemercik Resto-Suki-Kedai Kopi? Apakah tempatnya cocok untuk nongkrong atau menghabiskan waktu sambil bekerja?",
            "tanggal_posting": "2024-10-26T10:18:45.181Z",
            "user": 16,
            "restoran": "e9e54d55-1361-4e83-b880-aa7852ef16f8"
        }
    },
    {
        "model": "forum.forum",
        "pk": "d46953a3-013c-4551-bb93-601d0eb71f8e",
        "fields": {
            "topik": "Harga dan Keberagaman Menu di Tamken Resto and Cafe",
            "pesan": "Apakah harga di Tamken Resto and Cafe sesuai dengan keberagaman menu yang ditawarkan?",
            "tanggal_posting": "2024-10-26T10:08:33.457Z",
            "user": 16,
            "restoran": "bfb5f51b-9dec-4269-a42f-d94753b6a2c4"
        }
    },
    {
        "model": "forum.forum",
        "pk": "db132fa7-6e37-4194-94d6-691e10746bbf",
        "fields": {
            "topik": "Suasana dan Layanan di RM Pondok Kelapo",
            "pesan": "Bagaimana suasana dan layanan di RM Pondok Kelapo? Apakah tempatnya nyaman untuk makan bersama keluarga atau teman-teman?",
            "tanggal_posting": "2024-10-26T10:22:46.376Z",
            "user": 12,
            "restoran": "f000d91a-908f-46b6-8dc0-c5e7a370aae1"
        }
    },
    {
        "model": "forum.forum",
        "pk": "e393a5e8-1848-49f6-ade7-debf23bde224",
        "fields": {
            "topik": "Harga dan Porsi di RM Sri Melayu",
            "pesan": "Bagaimana harga dan porsi makanan di RM Sri Melayu? Apakah porsi tersebut sesuai dengan harga yang ditawarkan?",
            "tanggal_posting": "2024-10-26T10:13:53.283Z",
            "user": 14,
            "restoran": "d12c22ba-78d1-48a4-be85-ce804ae28b75"
        }
    },
    {
        "model": "forum.balasan",
        "pk": "0094fa7d-a76c-4bb2-8e7e-20c17ad445da",
        "fields": {
            "pesan": "Harganya sangat terjangkau, terutama untuk porsi suki yang besar. Saya rasa dengan harga segitu, kita dapat makanan yang memuaskan dan berkualitas!",
            "tanggal_posting": "2024-10-26T10:17:34.990Z",
            "user": 11,
            "forum": "318d034e-8b49-4312-acc2-b4003146b460"
        }
    },
    {
        "model": "forum.balasan",
        "pk": "04b7852a-865f-48a1-b7aa-133577e22f02",
        "fields": {
            "pesan": "Saoenk Kito punya suasana yang hangat dan homey, cocok buat kumpul-kumpul. Ada area lesehan juga yang bikin makan jadi lebih santai, terutama kalau bawa anak-anak.",
            "tanggal_posting": "2024-10-26T10:05:30.601Z",
            "user": 15,
            "forum": "71a03f1f-afdf-42f1-890a-83bfd837cdb2"
        }
    },
    {
        "model": "forum.balasan",
        "pk": "092c777a-d208-48fb-91d4-6dd835646317",
        "fields": {
            "pesan": "Terima kasih atas sarannya",
            "tanggal_posting": "2024-10-26T09:35:25.957Z",
            "user": 11,
            "forum": "29ac1c69-6d5f-40a5-b119-6b7ce3b545c0"
        }
    },
    {
        "model": "forum.balasan",
        "pk": "11ce1a2f-beab-465f-a094-ab30392aada3",
        "fields": {
            "pesan": "Menurut saya, harganya memang agak premium, tapi sepadan dengan kualitas dan rasa sushinya yang segar. Kalau buat sharing, platter mereka cocok banget, bisa dinikmati ramai-ramai!",
            "tanggal_posting": "2024-10-26T09:52:36.152Z",
            "user": 13,
            "forum": "c35e9d16-7c1a-4b5c-b855-3a6c208b8c5b"
        }
    },
    {
        "model": "forum.balasan",
        "pk": "1cf6c3b9-2b2d-48ae-bf1a-5a22a9a7c8dc",
        "fields": {
            "pesan": "Suasana di Pancious cozy banget! Desainnya modern dengan lighting yang bikin nyaman untuk ngobrol lama. Cocok untuk kumpul bareng teman atau keluarga.",
            "tanggal_posting": "2024-10-26T09:58:01.695Z",
            "user": 16,
            "forum": "35c91d2f-7800-4731-954d-62159f41e394"
        }
    },
    {
        "model": "forum.balasan",
        "pk": "222da6a9-8008-49be-bf69-2a6a95685a10",
        "fields": {
            "pesan": "Pindang di sini enak banget, kuahnya kental dan bumbu rempahnya kuat, persis seperti pindang yang saya ingat dari Sumatra Selatan! Ikannya juga segar, jadi menambah kenikmatan.",
            "tanggal_posting": "2024-10-26T09:43:49.037Z",
            "user": 12,
            "forum": "5dd8d231-eedb-4140-81c1-75a1f00a5610"
        }
    },
    {
        "model": "forum.balasan",
        "pk": "27c0ed24-a757-4527-ae29-09bb7098ad7c",
        "fields": {
            "pesan": "Kebersihan di sini top banget, meja dan area makan selalu terlihat rapi. Tempatnya cukup luas dan interiornya simpel tapi elegan, bikin nyaman makan di sini.",
            "tanggal_posting": "2024-10-26T09:53:25.337Z",
            "user": 16,
            "forum": "39c223bb-1e54-42b6-9931-cca8904cf951"
        }
    },
    {
        "model": "forum.balasan",
        "pk": "2eea85ca-8eb4-4ceb-a11e-2e3757444c39",
        "fields": {
            "pesan": "Harga dan porsinya sebanding! Nasi liwetnya porsi besar, bisa sharing untuk dua orang, dan rasanya autentik banget. Cocok untuk makan keluarga karena bisa ambil paket yang lebih hemat.",
            "tanggal_posting": "2024-10-26T10:03:00.658Z",
            "user": 13,
            "forum": "17519dc9-3238-45d7-8dc1-d3409fa7843e"
        }
    },
    {
        "model": "forum.balasan",
        "pk": "337570ea-cc13-4006-936a-dc2b348a260a",
        "fields": {
            "pesan": "Harga dan porsinya sebanding. Saya biasanya pesan beberapa jenis pempek sekaligus, dan meskipun harganya terjangkau, kualitasnya tetap top. Cocok buat makan bareng teman karena bisa sharing.",
            "tanggal_posting": "2024-10-26T09:41:38.721Z",
            "user": 15,
            "forum": "2a0beaef-9312-4aa4-9cb2-c4816853996e"
        }
    },
    {
        "model": "forum.balasan",
        "pk": "378c2729-d7c0-461e-bf01-5508ed664822",
        "fields": {
            "pesan": "Cocok banget untuk makan ramai-ramai! Harga paket suki-nya cukup ekonomis, dan porsinya bisa bikin semua orang puas. Kualitas makanan yang didapat juga sangat baik.",
            "tanggal_posting": "2024-10-26T10:18:21.907Z",
            "user": 14,
            "forum": "318d034e-8b49-4312-acc2-b4003146b460"
        }
    },
    {
        "model": "forum.balasan",
        "pk": "39c877fb-ec1d-4948-9327-8aca96aaa711",
        "fields": {
            "pesan": "Tempatnya nyaman, ada area duduk yang cukup private juga buat yang mau ngobrol santai. Restorannya rapi, dan meskipun sering ramai, suasananya tetap tenang dan tidak terlalu berisik.",
            "tanggal_posting": "2024-10-26T09:59:29.859Z",
            "user": 11,
            "forum": "35c91d2f-7800-4731-954d-62159f41e394"
        }
    },
    {
        "model": "forum.balasan",
        "pk": "406b1d35-f880-4507-8819-eb6b8b7f2f92",
        "fields": {
            "pesan": "Suasana di RM Sri Melayu sangat nyaman dan hangat. Dekorasinya kental dengan nuansa Melayu, membuat makan di sini terasa spesial. Cocok banget untuk acara makan keluarga.",
            "tanggal_posting": "2024-10-26T10:14:57.192Z",
            "user": 13,
            "forum": "5a78ac6d-e4cb-4b77-8efc-72cc6c00acd8"
        }
    },
    {
        "model": "forum.balasan",
        "pk": "44588c5f-ce75-4a22-a380-f909ad91b3cf",
        "fields": {
            "pesan": "Pelayanannya ramah dan cepat! Saya datang bersama keluarga besar, dan meskipun ramai, kami dilayani dengan baik. Tempatnya cukup luas dan nyaman untuk makan bersama-sama.",
            "tanggal_posting": "2024-10-26T09:49:33.945Z",
            "user": 14,
            "forum": "179eed61-3ded-48fb-a909-4e801a38f05f"
        }
    },
    {
        "model": "forum.balasan",
        "pk": "4d4c9a21-0a6e-4295-b9a1-7961d319d31c",
        "fields": {
            "pesan": "Suasana di RM Pondok Kelapo sangat hangat dan ramah. Dengan desain tradisional dan suasana yang tenang, tempat ini cocok untuk acara makan keluarga.",
            "tanggal_posting": "2024-10-26T10:23:19.614Z",
            "user": 11,
            "forum": "db132fa7-6e37-4194-94d6-691e10746bbf"
        }
    },
    {
        "model": "forum.balasan",
        "pk": "528b09b1-b46c-41e0-842b-e8cc94f334c7",
        "fields": {
            "pesan": "Rumah Makan Pindang Musi Rawas ini recomended banget kalau suka pindang. Porsinya juga besar, jadi bisa sharing sama teman. Rasanya otentik, bikin kangen masakan kampung halaman!",
            "tanggal_posting": "2024-10-26T09:44:34.900Z",
            "user": 11,
            "forum": "5dd8d231-eedb-4140-81c1-75a1f00a5610"
        }
    },
    {
        "model": "forum.balasan",
        "pk": "59938cdc-c3cf-422b-b18d-851919945ba5",
        "fields": {
            "pesan": "Suasana di Gemercik Resto sangat cozy! Dekorasinya modern dan nyaman, jadi enak banget untuk nongkrong bareng teman atau sekadar bersantai dengan secangkir kopi.",
            "tanggal_posting": "2024-10-26T10:19:08.708Z",
            "user": 15,
            "forum": "d0e6ad4d-11c5-4ad1-a023-a21ff428faf0"
        }
    },
    {
        "model": "forum.balasan",
        "pk": "5ad491df-eb02-4fb9-b0b1-81f142e6e1f6",
        "fields": {
            "pesan": "Sangat nyaman untuk nongkrong atau bekerja! WiFi-nya cepat dan banyak stopkontak di setiap meja. Saya sering ke sini untuk bekerja sambil menikmati minuman.",
            "tanggal_posting": "2024-10-26T10:20:34.623Z",
            "user": 14,
            "forum": "d0e6ad4d-11c5-4ad1-a023-a21ff428faf0"
        }
    },
    {
        "model": "forum.balasan",
        "pk": "737e7ea9-c9bd-4574-9ba8-e47527722e27",
        "fields": {
            "pesan": "Tempatnya bagus dan bersih, suasananya sangat tradisional, jadi terasa nuansa khas Indonesianya. Enak buat acara kumpul keluarga atau teman-teman, banyak tempat duduk yang nyaman.",
            "tanggal_posting": "2024-10-26T10:06:06.682Z",
            "user": 16,
            "forum": "71a03f1f-afdf-42f1-890a-83bfd837cdb2"
        }
    },
    {
        "model": "forum.balasan",
        "pk": "7e2a5417-badb-4661-ac13-6710c689aabc",
        "fields": {
            "pesan": "Kalau bicara rasa, Sentral Kampung Pempek Palembang memang juara! Saya suka pempek kapal selam mereka, isi telur dan ikannya terasa segar. Namun, mungkin kalau tempatnya bisa lebih besar dan parkirnya lebih luas, akan lebih nyaman.",
            "tanggal_posting": "2024-10-26T09:33:56.989Z",
            "user": 14,
            "forum": "29ac1c69-6d5f-40a5-b119-6b7ce3b545c0"
        }
    },
    {
        "model": "forum.balasan",
        "pk": "803407b9-a6cd-413c-af6b-91aa4f3d1dcc",
        "fields": {
            "pesan": "Ambiencenya santai dan nyaman, musiknya tidak terlalu keras, jadi bisa ngobrol tanpa terganggu. Ini tempat favorit saya untuk bersantai sambil menikmati kopi",
            "tanggal_posting": "2024-10-26T10:19:47.568Z",
            "user": 13,
            "forum": "d0e6ad4d-11c5-4ad1-a023-a21ff428faf0"
        }
    },
    {
        "model": "forum.balasan",
        "pk": "80885057-7c48-4366-93c2-3eca5d4243c2",
        "fields": {
            "pesan": "Suasananya nyaman banget, dengan dekorasi tradisional dan banyak tanaman, bikin adem. Cocok untuk makan bersama keluarga karena tempatnya luas dan tenang.",
            "tanggal_posting": "2024-10-26T10:05:03.809Z",
            "user": 13,
            "forum": "71a03f1f-afdf-42f1-890a-83bfd837cdb2"
        }
    },
    {
        "model": "forum.balasan",
        "pk": "886121ac-1f94-44fb-8d38-088c03a128a9",
        "fields": {
            "pesan": "Menu di RM Sri Melayu memang lebih mahal dibandingkan tempat lain, tapi sebanding dengan porsinya yang besar dan rasanya yang autentik. Cocok buat yang mau makan kenyang!",
            "tanggal_posting": "2024-10-26T10:14:11.092Z",
            "user": 12,
            "forum": "e393a5e8-1848-49f6-ade7-debf23bde224"
        }
    },
    {
        "model": "forum.balasan",
        "pk": "886dc170-7ca9-4d0a-9e22-c06b0ad4550d",
        "fields": {
            "pesan": "Pancious punya suasana yang nyaman dan instagrammable. Saya sering ke sini bareng teman, suasananya bikin betah. Tempat duduknya juga cukup luas, jadi cocok untuk kumpul-kumpul.",
            "tanggal_posting": "2024-10-26T09:58:58.797Z",
            "user": 14,
            "forum": "35c91d2f-7800-4731-954d-62159f41e394"
        }
    },
    {
        "model": "forum.balasan",
        "pk": "8cefd7ff-79b3-4e0d-9717-1e546c54f436",
        "fields": {
            "pesan": "elayanannya cepat dan stafnya ramah banget! Mereka selalu siap membantu dan sering memastikan kalau kami butuh sesuatu. Tempatnya juga nyaman buat bersantai.",
            "tanggal_posting": "2024-10-26T10:12:14.326Z",
            "user": 12,
            "forum": "b5c5c037-e74e-4369-ae17-5c1f88c0b6c0"
        }
    },
    {
        "model": "forum.balasan",
        "pk": "91e4ca28-5ff8-44ea-8d1d-2fd8d6766edb",
        "fields": {
            "pesan": "Pindang di sini juara, kuahnya segar dengan aroma kemangi yang khas. Tempatnya sederhana tapi nyaman, cocok buat yang ingin makan dengan suasana yang tenang.",
            "tanggal_posting": "2024-10-26T09:45:01.802Z",
            "user": 15,
            "forum": "5dd8d231-eedb-4140-81c1-75a1f00a5610"
        }
    },
    {
        "model": "forum.balasan",
        "pk": "938b81c5-7ecd-4ef0-baef-0e0413315c2a",
        "fields": {
            "pesan": "Layanannya cepat dan stafnya sangat ramah. Mereka selalu siap membantu jika kita membutuhkan rekomendasi menu. Tempatnya nyaman untuk kumpul-kumpul bareng teman.",
            "tanggal_posting": "2024-10-26T10:23:39.789Z",
            "user": 16,
            "forum": "db132fa7-6e37-4194-94d6-691e10746bbf"
        }
    },
    {
        "model": "forum.balasan",
        "pk": "d0993906-1705-4482-b728-af22b6a22cc4",
        "fields": {
            "pesan": "Pertama kali coba di sini dan ternyata enak banget! Harganya juga terjangkau, cocok untuk makan bersama teman atau keluarga. Suasana restorannya hangat dan pelayanannya cepat. Saran saya, cobain juga pempek lenggangnya!",
            "tanggal_posting": "2024-10-26T09:34:24.361Z",
            "user": 13,
            "forum": "29ac1c69-6d5f-40a5-b119-6b7ce3b545c0"
        }
    },
    {
        "model": "forum.balasan",
        "pk": "d415ceb0-9090-4e73-9240-4aa6f95b9286",
        "fields": {
            "pesan": "Suka banget dengan paket hemat di sini! Harganya ramah di kantong dan porsi lauknya pas untuk berbagi dengan teman. Cocok untuk makan bersama keluarga.",
            "tanggal_posting": "2024-10-26T10:22:07.289Z",
            "user": 16,
            "forum": "0eb37f18-88e2-4256-8276-30fa70c4faf7"
        }
    },
    {
        "model": "forum.balasan",
        "pk": "d4c9fe9a-d6d7-44f9-9616-9bfdb32c6949",
        "fields": {
            "pesan": "Tempatnya bersih dan rapi, dan pelayanannya juga ramah. Suasananya tenang, jadi nyaman buat makan bersama keluarga atau bahkan meeting kecil-kecilan. Suka sama ambience-nya!",
            "tanggal_posting": "2024-10-26T09:58:18.594Z",
            "user": 12,
            "forum": "35c91d2f-7800-4731-954d-62159f41e394"
        }
    },
    {
        "model": "forum.balasan",
        "pk": "d7e1afda-a832-4d89-b2e6-f22af1a6e2f8",
        "fields": {
            "pesan": "Cukup terjangkau dengan menu yang bervariasi, cocok buat makan ramai-ramai, dan cocok buat acara makan keluarga atau kumpul bareng teman.",
            "tanggal_posting": "2024-10-26T10:09:31.705Z",
            "user": 12,
            "forum": "d46953a3-013c-4551-bb93-601d0eb71f8e"
        }
    },
    {
        "model": "forum.balasan",
        "pk": "de18c637-7c7e-45be-93ec-d0e2fe55c453",
        "fields": {
            "pesan": "Menurut saya, pempeknya sangat autentik dan rasanya pas banget seperti di Palembang asli. Kuah cuka mereka kental dan pedasnya pas, menambah cita rasa yang khas. Tempatnya juga nyaman dan tidak terlalu ramai saat saya ke sana.",
            "tanggal_posting": "2024-10-26T09:29:22.038Z",
            "user": 16,
            "forum": "29ac1c69-6d5f-40a5-b119-6b7ce3b545c0"
        }
    },
    {
        "model": "forum.balasan",
        "pk": "de5c5631-7b92-4179-9f0c-47c57ff15568",
        "fields": {
            "pesan": "Tempatnya cozy dan modern, cocok banget buat nongkrong lama-lama. Ada area indoor dan outdoor yang nyaman, dan banyak stopkontak buat yang mau kerja pakai laptop.",
            "tanggal_posting": "2024-10-26T10:11:20.392Z",
            "user": 11,
            "forum": "8fd69a60-e523-45b8-adf8-840bd0ac6039"
        }
    },
    {
        "model": "forum.balasan",
        "pk": "efe26765-dfe4-4df9-9f75-d83d7610d6e4",
        "fields": {
            "pesan": "Menurut saya, harga dan porsi di RM Sri Melayu sangat baik. Ini restoran yang layak dikunjungi.",
            "tanggal_posting": "2024-10-26T10:15:43.415Z",
            "user": 15,
            "forum": "e393a5e8-1848-49f6-ade7-debf23bde224"
        }
    },
    {
        "model": "forum.balasan",
        "pk": "f7c70371-1b49-4bf5-aa67-a9e52c6f6e49",
        "fields": {
            "pesan": "Pengalaman saya di Sushi Tei Palembang selalu menyenangkan karena pelayanannya cepat dan stafnya sopan. Mereka juga sigap membersihkan meja setelah pelanggan pergi, jadi tempatnya selalu rapi.",
            "tanggal_posting": "2024-10-26T09:54:11.567Z",
            "user": 15,
            "forum": "77af19f2-4eb4-42a6-887f-59874e6de3d2"
        }
    },
    {
        "model": "forum.balasan",
        "pk": "fde73937-4018-48ca-b2e9-75aadb59ab19",
        "fields": {
            "pesan": "Tempatnya bersih dan rapi, dengan area yang cukup luas. Sangat cocok untuk kumpul-kumpul karena suasananya tenang, jadi bisa ngobrol santai tanpa terganggu.",
            "tanggal_posting": "2024-10-26T10:15:07.915Z",
            "user": 16,
            "forum": "5a78ac6d-e4cb-4b77-8efc-72cc6c00acd8"
        }
    },
    {
        "model": "authentication.user",
        "pk": 1,
        "fields": {
            "password": "pbkdf2_sha256$870000$yPOLC2JGnnNeMtprgpYWlM$wETbhAWroJtDl2QkJc45UJ8FNWkOsHJoAe44614A8Kg=",
            "last_login": null,
            "is_superuser": false,
            "username": "andi_setiawan",
            "first_name": "",
            "last_name": "",
            "email": "",
            "is_staff": false,
            "is_active": true,
            "date_joined": "2024-10-25T15:26:59.343Z",
            "nama": "Andi Setiawan",
            "peran": "pemilik_restoran",
            "poin": 0,
            "deskripsi": null,
            "foto": "",
            "groups": [],
            "user_permissions": []
        }
    },
    {
        "model": "authentication.user",
        "pk": 2,
        "fields": {
            "password": "pbkdf2_sha256$870000$kohMT69EboHmFd98r3Ve2c$afWyBFvCatNXVEfV6QOlquTu15HhXkxNGcZN+/C85YE=",
            "last_login": null,
            "is_superuser": false,
            "username": "siti_nur",
            "first_name": "",
            "last_name": "",
            "email": "",
            "is_staff": false,
            "is_active": true,
            "date_joined": "2024-10-25T15:27:14.223Z",
            "nama": "Siti Nurhaliza",
            "peran": "pemilik_restoran",
            "poin": 0,
            "deskripsi": null,
            "foto": "",
            "groups": [],
            "user_permissions": []
        }
    },
    {
        "model": "authentication.user",
        "pk": 3,
        "fields": {
            "password": "pbkdf2_sha256$870000$UACaLcME3oGPwWGepvBpqd$JOw2zcbeaDx4iC0A7oAUCc/gipLfu5/jU4uTk4S5FR4=",
            "last_login": null,
            "is_superuser": false,
            "username": "budi_san",
            "first_name": "",
            "last_name": "",
            "email": "",
            "is_staff": false,
            "is_active": true,
            "date_joined": "2024-10-25T15:27:28.485Z",
            "nama": "Budi Santoso",
            "peran": "pemilik_restoran",
            "poin": 0,
            "deskripsi": null,
            "foto": "",
            "groups": [],
            "user_permissions": []
        }
    },
    {
        "model": "authentication.user",
        "pk": 4,
        "fields": {
            "password": "pbkdf2_sha256$870000$VV7NkMyW7MP7sZWP6u071b$kJfoecGZMakIZwKSNR7KhA0gi1G98gh9lFhdPyz76Ig=",
            "last_login": null,
            "is_superuser": false,
            "username": "maria.j",
            "first_name": "",
            "last_name": "",
            "email": "",
            "is_staff": false,
            "is_active": true,
            "date_joined": "2024-10-25T15:27:44.481Z",
            "nama": "Maria Johnson",
            "peran": "pemilik_restoran",
            "poin": 0,
            "deskripsi": null,
            "foto": "",
            "groups": [],
            "user_permissions": []
        }
    },
    {
        "model": "authentication.user",
        "pk": 5,
        "fields": {
            "password": "pbkdf2_sha256$870000$RC6pRmVgur6X4EgxYIGiXx$QpPn7UsffBvuWjaZX8yg0BFh948Gpyx5L65rDDP6oBU=",
            "last_login": null,
            "is_superuser": false,
            "username": "rina_aulia",
            "first_name": "",
            "last_name": "",
            "email": "",
            "is_staff": false,
            "is_active": true,
            "date_joined": "2024-10-25T15:28:00.654Z",
            "nama": "Rina Aulia",
            "peran": "pemilik_restoran",
            "poin": 0,
            "deskripsi": null,
            "foto": "",
            "groups": [],
            "user_permissions": []
        }
    },
    {
        "model": "authentication.user",
        "pk": 6,
        "fields": {
            "password": "pbkdf2_sha256$870000$CNzwxc31T2ehi3N89Z4GHX$B+SQciuFUPRmZTd08M3fQTJJDjvImQYIPwtR68pxQt0=",
            "last_login": null,
            "is_superuser": false,
            "username": "joko_p",
            "first_name": "",
            "last_name": "",
            "email": "",
            "is_staff": false,
            "is_active": true,
            "date_joined": "2024-10-25T15:28:12.923Z",
            "nama": "Joko Prasetyo",
            "peran": "pemilik_restoran",
            "poin": 0,
            "deskripsi": null,
            "foto": "",
            "groups": [],
            "user_permissions": []
        }
    },
    {
        "model": "authentication.user",
        "pk": 7,
        "fields": {
            "password": "pbkdf2_sha256$870000$MF6wEkrVGeQOaUzcmAoF4E$lyENPS0X35Gne21UCuD4k6H6V3A3sbaVZ5VlpxgeNBg=",
            "last_login": null,
            "is_superuser": false,
            "username": "tania.s",
            "first_name": "",
            "last_name": "",
            "email": "",
            "is_staff": false,
            "is_active": true,
            "date_joined": "2024-10-25T15:28:24.631Z",
            "nama": "Tania Safira",
            "peran": "pemilik_restoran",
            "poin": 0,
            "deskripsi": null,
            "foto": "",
            "groups": [],
            "user_permissions": []
        }
    },
    {
        "model": "authentication.user",
        "pk": 8,
        "fields": {
            "password": "pbkdf2_sha256$870000$nfTg5W2dZPQ5HxxnGicq86$9k5bFfJWnijEjTgSINLA6g3BSEs+KHxBCufRYbsuwZ0=",
            "last_login": null,
            "is_superuser": false,
            "username": "fajar_h",
            "first_name": "",
            "last_name": "",
            "email": "",
            "is_staff": false,
            "is_active": true,
            "date_joined": "2024-10-25T15:28:36.862Z",
            "nama": "Fajar Hidayat",
            "peran": "pemilik_restoran",
            "poin": 0,
            "deskripsi": null,
            "foto": "",
            "groups": [],
            "user_permissions": []
        }
    },
    {
        "model": "authentication.user",
        "pk": 9,
        "fields": {
            "password": "pbkdf2_sha256$870000$QzlivaDVRk4FTMMq1IVO6Z$mGdbjAb1K9URH25mYmZn/Ev7G3V46EASJIOLT/gM5MU=",
            "last_login": null,
            "is_superuser": false,
            "username": "lila_m",
            "first_name": "",
            "last_name": "",
            "email": "",
            "is_staff": false,
            "is_active": true,
            "date_joined": "2024-10-25T15:29:05.381Z",
            "nama": "Lila Mustika",
            "peran": "pemilik_restoran",
            "poin": 0,
            "deskripsi": null,
            "foto": "",
            "groups": [],
            "user_permissions": []
        }
    },
    {
        "model": "authentication.user",
        "pk": 10,
        "fields": {
            "password": "pbkdf2_sha256$870000$qAkIit81IvHmRoDu4d3dll$Mr5IAzY8RRgD6Sd2E33BY0rXnusXV08eK/jxo6fofX8=",
            "last_login": null,
            "is_superuser": false,
            "username": "ahmadjaya",
            "first_name": "",
            "last_name": "",
            "email": "",
            "is_staff": false,
            "is_active": true,
            "date_joined": "2024-10-25T15:29:31.803Z",
            "nama": "Ahmad Jaya",
            "peran": "pemilik_restoran",
            "poin": 0,
            "deskripsi": null,
            "foto": "",
            "groups": [],
            "user_permissions": []
        }
    },
    {
        "model": "authentication.user",
        "pk": 11,
        "fields": {
            "password": "pbkdf2_sha256$870000$u1flI1nBJ52F0YRReZLUjx$a44nFwUl/Y/OhaF2wARtFuDRsZhU8W1DR4USDDEZFH0=",
            "last_login": "2024-10-26T09:33:10.574Z",
            "is_superuser": false,
            "username": "faziltirtana",
            "first_name": "",
            "last_name": "",
            "email": "",
            "is_staff": false,
            "is_active": true,
            "date_joined": "2024-10-25T15:38:59.325Z",
            "nama": "Muhammad Fazil Tirtana",
            "peran": "pengulas",
            "poin": 76,
            "deskripsi": null,
            "foto": "",
            "groups": [],
            "user_permissions": []
        }
    },
    {
        "model": "authentication.user",
        "pk": 12,
        "fields": {
            "password": "pbkdf2_sha256$870000$N4ddb0OKuwSfzN8U4vqRzy$luvJUJ3Yz/taSokTQ8QxdbViE+3UVYeKzsASSBMIFYE=",
            "last_login": "2024-10-26T09:37:02.342Z",
            "is_superuser": false,
            "username": "damar",
            "first_name": "",
            "last_name": "",
            "email": "",
            "is_staff": false,
            "is_active": true,
            "date_joined": "2024-10-25T15:40:35.310Z",
            "nama": "Athallah Damar Jiwanto",
            "peran": "pengulas",
            "poin": 68,
            "deskripsi": null,
            "foto": "",
            "groups": [],
            "user_permissions": []
        }
    },
    {
        "model": "authentication.user",
        "pk": 13,
        "fields": {
            "password": "pbkdf2_sha256$870000$gKactt8r70EFehTJcp21Eg$52ghsj01zuUMdOBsb3RZyhyE/EGFMMzNSReYt9Q4e4o=",
            "last_login": "2024-10-26T09:32:26.955Z",
            "is_superuser": false,
            "username": "syauqiyasman",
            "first_name": "",
            "last_name": "",
            "email": "",
            "is_staff": false,
            "is_active": true,
            "date_joined": "2024-10-25T15:41:36.294Z",
            "nama": "Syauqi Muhammad Yasman",
            "peran": "pengulas",
            "poin": 89,
            "deskripsi": null,
            "foto": "",
            "groups": [],
            "user_permissions": []
        }
    },
    {
        "model": "authentication.user",
        "pk": 14,
        "fields": {
            "password": "pbkdf2_sha256$870000$jDIOUt6bsdvNxmJhYpucH2$B+tHICvM2KnyNop1uclRayUAKzjcqPeFjiLPYCZetM8=",
            "last_login": "2024-10-26T09:30:55.926Z",
            "is_superuser": false,
            "username": "mdlnecg",
            "first_name": "",
            "last_name": "",
            "email": "",
            "is_staff": false,
            "is_active": true,
            "date_joined": "2024-10-25T15:43:22.391Z",
            "nama": "Madeline Clairine Gultom",
            "peran": "pengulas",
            "poin": 70,
            "deskripsi": null,
            "foto": "",
            "groups": [],
            "user_permissions": []
        }
    },
    {
        "model": "authentication.user",
        "pk": 15,
        "fields": {
            "password": "pbkdf2_sha256$870000$SDPDQTFgp6sqh60vqpaaH8$HiZgtAttW6yPmHERXN2RO91Xqj5mxw3SqhspXecRJHA=",
            "last_login": "2024-10-26T09:38:43.356Z",
            "is_superuser": false,
            "username": "bemo",
            "first_name": "",
            "last_name": "",
            "email": "",
            "is_staff": false,
            "is_active": true,
            "date_joined": "2024-10-25T15:45:32.684Z",
            "nama": "Muhammad Fawwaz Edsa Fatin Setiawan",
            "peran": "pengulas",
            "poin": 61,
            "deskripsi": null,
            "foto": "",
            "groups": [],
            "user_permissions": []
        }
    },
    {
        "model": "authentication.user",
        "pk": 16,
        "fields": {
            "password": "pbkdf2_sha256$870000$taakWk06NXbdcexoMAMSKi$rAmHeI+JH21zzoGO+vyiuw+32AoJBUUJIYQIU72yiMc=",
            "last_login": "2024-10-26T09:28:46.546Z",
            "is_superuser": false,
            "username": "andiaqsa",
            "first_name": "",
            "last_name": "",
            "email": "",
            "is_staff": false,
            "is_active": true,
            "date_joined": "2024-10-25T15:47:26.656Z",
            "nama": "Andi Aqsa Mappatunru Marzuki",
            "peran": "pengulas",
            "poin": 77,
            "deskripsi": null,
            "foto": "",
            "groups": [],
            "user_permissions": []
        }
    }
]